RefCode;Element;Name;AtNum;Group;Period;OxSt;Mult;CN;NZ;Rsd;V;S;G3;VCP;RCMTop;PartOmegaOxygen;
82;Ca;Ca1;20;E2;4;2;8;10;8,04;1,460781;13,05702;30,46033;0,08002087;34,963;0,01;0,965094;
82;Ca;Ca2;20;E2;4;2;8;8;8,25;1,454149;12,87999;30,25668;0,08055;24,776;0,00;0,95481;
531;In;In1;49;E13;5;3;9;6;6,35;1,323802;9,71758;26,75458;0,08284233;13,09134;0,00;0,940387;
588;Mg;Mg1;12;E2;3;2;1;6;6,04;1,282584;8,83784;25,36375;0,08317863;11,79069;0,00;0,970662;
970;Ca;Ca1;20;E2;4;2;4;9;7,84;1,442161;12,56406;29,84979;0,08050446;30,66475;0,04;0,944104;
1080;Na;Na1;11;E1;3;1;2;6;6,55;1,497236;14,05917;33,77491;0,08275157;18,765;0,00;0,890147;
1537;Rb;Rb1;37;E1;5;1;4;8;8,27;1,766201;23,07858;44,77795;0,08080863;46,04692;0,00;0,864729;
2118;Al;Al1;13;E13;3;3;4;6;5,81;1,190074;7,0601;21,84145;0,08373323;9,09855;0,04;0,963599;
2119;Al;Al1;13;E13;3;3;4;6;5,8;1,187094;7,00719;21,73604;0,08373736;9,03103;0,04;0,963936;
2259;Cr;Cr1;24;E6;4;3;2;6;6,72;1,22104;7,62568;22,3269;0,08227779;10,55638;0,00;0,857782;
2260;Cr;Cr1;24;E6;4;3;2;6;6,52;1,23411;7,87317;22,95629;0,08248001;10,67589;0,00;0,910015;
2325;K;K1;19;E1;4;1;4;8;6,52;1,670167;19,51497;40,26233;0,08136128;37,1344;0,02;0,894005;
2327;K;K1;19;E1;4;1;4;8;6,52;1,670364;19,5219;40,25877;0,08134895;37,15055;0,02;0,892564;
2531;Mg;Mg1;12;E2;3;2;2;6;6,11;1,285242;8,89289;25,24344;0,08290295;11,96784;0,02;0,935144;
5458;Na;Na1;11;E1;3;1;4;5;6,3;1,572553;16,28938;38,42233;0,08887463;11,7557;0,05;0,747995;
5686;Ce;Ce1;58;Ln;6;4;8;9;7,11;1,391553;11,28725;28,07856;0,08086372;27,963;0,05;1;
6247;Ba;Ba1;56;E2;6;2;4;9;6,33;1,655626;19,0097;39,77814;0,08443494;41,741;0,17;0,981867;
8002;K;K1;19;E1;4;1;4;6;5,08;2,271838;49,11575;79,07183;0,16697966;17,964;1,63;0,898085;
8180;Fe;Fe1;26;E8;4;3;6;6;5,11;1,268788;8,55569;25,45974;0,08491314;10,75084;0,03;1;
8180;Fe;Fe2;26;E8;4;3;6;6;5,05;1,24183;8,02187;24,40325;0,08497079;10,13817;0,04;1;
8508;Ga;Ga1;31;E13;4;3;16;6;5,6;1,239305;7,97303;23,45768;0,08308647;10,51515;0,02;0,990624;
8508;In;In1;49;E13;5;3;16;7;6,3;1,330477;9,86531;26,40717;0,08225247;15,77196;0,04;0,992082;
9381;Na;Na1;11;E1;3;1;2;6;6,65;1,49877;14,10241;33,86587;0,08281116;18,80698;0,00;0,895966;
9699;Ba;Ba1;56;E2;6;2;2;6;8,72;1,776748;23,49449;45,09204;0,08241318;26,454;0,00;0,998175;
9700;Ba;Ba1;56;E2;6;2;6;11;6,33;1,670963;19,54292;40,24408;0,08237243;55,667;0,06;1;
10451;Hg;Hg1;80;E12;6;2;4;6;5,8;1,464664;13,16142;31,41972;0,0823324;17,05843;0,03;0,969543;
10503;Ca;Ca1;20;E2;4;2;2;7;6,17;1,46508;13,17264;31,65004;0,08307869;21,27509;0,07;0,961013;
10503;Ca;Ca2;20;E2;4;2;2;8;6,7;1,44799;12,71703;30,4182;0,0810434;26,72422;0,02;0,944689;
11223;U;U1;92;An;7;6;2;7;4,6;1,290011;8,99226;25,41176;0,08378687;15,56907;0,02;1;
11223;Mg;Mg1;12;E2;3;2;2;6;5,95;1,280641;8,79772;25,31995;0,08338768;11,614;0,02;0,968379;
11224;Mg;Mg2;12;E2;3;2;2;6;6,05;1,275366;8,68946;24,8581;0,08306887;11,59123;0,03;0,941274;
11224;U;U1;92;An;7;6;4;7;4,64;1,293857;9,07293;25,50571;0,08379087;15,75659;0,02;0,993336;
11224;Mg;Mg1;12;E2;3;2;2;6;6,19;1,27988;8,78206;25,00366;0,08306693;11,696;0,02;0,934649;
11225;Mg;Mg2;12;E2;3;2;2;6;6,22;1,27023;8,58491;24,62153;0,08303461;11,45752;0,03;0,937135;
11225;U;U1;92;An;7;6;4;7;4,62;1,295641;9,1105;25,57953;0,08379599;15,82248;0,02;0,993814;
11225;Mg;Mg1;12;E2;3;2;2;6;6,17;1,278107;8,7456;24,90071;0,08305604;11,653;0,03;0,929976;
11227;Mg;Mg2;12;E2;3;2;2;6;6,1;1,276462;8,71189;24,84601;0,08303608;11,61833;0,03;0,934714;
11227;U;U1;92;An;7;6;4;7;4,61;1,298546;9,17193;25,70008;0,08382466;15,92841;0,02;0,993564;
11227;Mg;Mg1;12;E2;3;2;2;6;6,21;1,278814;8,76013;24,88545;0,08292125;11,618;0,03;0,921032;
11228;Mg;Mg1;12;E2;3;2;4;6;6,12;1,27185;8,6178;24,82138;0,083016;11,53186;0,01;0,950359;
11228;U;U1;92;An;7;6;4;7;4,6;1,297618;9,15228;25,71093;0,08380267;15,83458;0,02;0,999559;
11230;Mg;Mg1;12;E2;3;2;4;6;6,02;1,27264;8,63386;24,92848;0,08310913;11,51647;0,02;0,957585;
11230;U;U1;92;An;7;6;4;7;4,6;1,29743;9,1483;25,71469;0,0838478;15,79226;0,02;1;
11231;U;U1;92;An;7;6;2;7;4,61;1,290517;9,00285;25,42955;0,08375917;15,57912;0,02;1;
11231;Mg;Mg1;12;E2;3;2;2;6;5,99;1,276356;8,70971;25,22277;0,0834697;11,485;0,02;0,977294;
11233;Mg;Mg1;12;E2;3;2;4;6;6,09;1,272011;8,62107;24,87907;0,08308081;11,51582;0,01;0,954615;
11233;U;U1;92;An;7;6;4;7;4,61;1,297264;9,14479;25,69798;0,08378388;15,81372;0,02;0,999879;
12012;Rb;Rb1;37;E1;5;1;9;8;7,76;1,816713;25,11584;47,84973;0,08463433;39,28748;0,16;0,874721;
12012;Rb;Rb2;37;E1;5;1;3;12;9,11;1,783369;23,75813;46,00097;0,08401492;51,59547;0,00;0,848607;
12012;Rb;Rb3;37;E1;5;1;9;8;9,15;1,817302;25,14029;46,4328;0,08282582;37,59214;0,19;0,867564;
12012;Sr;Sr1;38;E2;5;2;3;6;6,32;1,585287;16,68831;39,07527;0,08830484;17,35466;0,00;0,985306;
12012;Y;Y1;39;E3;5;3;6;6;5,38;1,4489;12,741;33,03608;0,08498623;15,77203;0,04;0,999483;
13040;Ba;Ba1;56;E2;6;2;6;12;10,7;1,679186;19,83286;39,37445;0,08059325;50,79361;0,00;0,968005;
13040;Mn;Mn1;25;E7;4;2;6;6;6;1,333524;9,93323;27,82071;0,08388466;12,96491;0,00;1;
14141;Al;Al1;13;E13;3;3;8;6;5,65;1,169399;6,69848;21,34416;0,08357701;8,87274;0,03;0,999679;
14141;Al;Al2;13;E13;3;3;4;6;5,67;1,172717;6,75567;21,47426;0,08356498;8,94407;0,02;0,999996;
15496;Al;Al1;13;E13;3;3;6;6;6;1,170759;6,72189;21,37491;0,08336917;8,95113;0,00;1;
16703;Cr;Cr1;24;E6;4;3;1;6;6,11;1,235071;7,89159;23,69605;0,08482869;9,8629;0,00;0,982193;
17503;Y;Y1;39;E3;5;3;2;8;6,6;1,385705;11,14553;28,22943;0,08138262;23,232;0,03;1;
17504;Gd;Gd1;64;Ln;6;3;2;8;6,33;1,400885;11,51585;28,84349;0,0813846;23,971;0,04;1;
18654;Ga;Ga1;31;E13;4;3;1;6;5,9;1,229971;7,79423;23,63354;0,08365702;10,27096;0,00;1;
18654;K;K1;19;E1;4;1;2;9;8,42;1,681583;19,9179;39,66251;0,08066946;46,29259;0,12;0,945331;
18665;Fe;Fe1;26;E8;4;3;2;6;5,66;1,294268;9,08158;26,40677;0,08499507;11,34343;0,02;1;
18665;Fe;Fe2;26;E8;4;3;2;6;5,91;1,216635;7,54344;23,19386;0,08417069;9,70597;0,05;1;
21395;Cu;Cu1;29;E11;4;2;4;5;5,37;1,331515;9,88841;27,0853;0,08625957;6,082;0,08;0,935387;
21395;Cu;Cu2;29;E11;4;2;4;6;5,83;1,314274;9,50925;26,52281;0,0852731;12,369;0,05;0,904259;
21395;Cu;Cu3;29;E11;4;2;4;6;5,37;1,307518;9,36335;26,33028;0,08479861;12,296;0,04;0,939914;
21395;Cu;Cu4;29;E11;4;2;4;6;5,74;1,301586;9,23649;25,84176;0,08396229;12,342;0,02;0,902031;
21395;Cu;Cu5;29;E11;4;2;4;6;5,8;1,332926;9,9199;27,14656;0,0853264;12,106;0,01;0,911779;
21395;Zn;Zn1;30;E12;4;2;4;4;4,64;1,400175;11,49835;31,34707;0,09425372;3,524;0,17;0,87385;
21493;Co;Co1;27;E9;4;2;4;6;6,19;1,302659;9,25935;25,85345;0,08287634;12,42232;0,00;0,957738;
21494;Co;Co1;27;E9;4;2;4;6;6,19;1,302244;9,25052;25,8159;0,08286575;12,41093;0,00;0,957792;
21942;Dy;Dy1;66;Ln;6;3;18;7;5,65;1,424087;12,09757;31,14513;0,08449322;18,8315;0,02;1;
21942;U;U1;92;An;7;6;3;6;6;1,338961;10,05523;28,14076;0,08455573;12,8763;0,00;1;
21943;Er;Er1;68;Ln;6;3;18;7;5,54;1,40842;11,70267;30,42055;0,08434476;18,34579;0,05;1;
21943;U;U1;92;An;7;6;3;6;6;1,36493;10,65171;29,21955;0,08440434;13,70572;0,00;1;
21944;Eu;Eu1;63;Ln;6;3;18;7;5,83;1,450047;12,77129;32,32023;0,08472924;19,56385;0,04;1;
21944;U;U1;92;An;7;6;3;6;6;1,336936;10,00969;28,18219;0,085431;12,47677;0,00;1;
21945;Gd;Gd1;64;Ln;6;3;18;7;5,7;1,443953;12,61095;31,9751;0,08446469;19,72105;0,04;1;
21945;U;U1;92;An;7;6;3;6;6;1,327913;9,80839;27,67915;0,08456149;12,55792;0,00;1;
21946;La;La1;57;Ln;6;3;18;7;5,73;1,515233;14,57224;35,17018;0,08433565;22,57508;0,04;1;
21946;U;U1;92;An;7;6;3;6;6;1,333017;9,92192;27,86523;0,08437753;12,77759;0,00;1;
21947;Nd;Nd1;60;Ln;6;3;18;7;5,77;1,473976;13,41405;33,3594;0,0845068;20,55055;0,02;1;
21947;U;U1;92;An;7;6;3;6;6;1,354631;10,41242;28,97413;0,08571453;12,86891;0,00;1;
21948;Sm;Sm1;62;Ln;6;3;18;7;5,82;1,456132;12,93276;32,56773;0,08460512;19,87571;0,03;1;
21948;U;U1;92;An;7;6;3;6;6;1,349954;10,30495;28,69457;0,08516174;12,95023;0,00;1;
21949;Tb;Tb1;65;Ln;6;3;18;7;5,52;1,433134;12,32961;31,87075;0,08731543;18,2279;0,05;0,999008;
21949;U;U1;92;An;7;6;3;6;6;1,461193;13,06807;33,28951;0,08333908;17,42047;0,00;1;
21950;U;U1;92;An;7;6;3;6;6,38;1,425133;12,12426;31,35638;0,09328449;10,32023;0,00;1;
21950;Yb;Yb1;70;Ln;6;3;18;7;5,57;1,438287;12,46308;31,69871;0,08744729;18,40795;0,16;0,99018;
24326;In;In1;49;E13;5;3;8;6;7,82;1,320107;9,63644;25,37672;0,08179037;13,33797;0,00;0,767578;
26836;Li;Li1;3;E1;2;1;8;4;4,45;1,405885;11,63959;32,21991;0,09695604;3,313;0,19;0,898563;
27207;Na;Na1;11;E1;3;1;2;6;6,23;1,500184;14,14237;34,38205;0,08297134;18,92939;0,00;0,962934;
27208;Na;Na1;11;E1;3;1;2;6;6,64;1,496463;14,0374;33,88309;0,08281441;18,88289;0,00;0,903804;
27764;Ca;Ca1;20;E2;4;2;4;6;8,06;1,429725;12,24182;29,43069;0,08178092;17,2278;0,00;0,74422;
27764;Sn;Sn1;50;E14;5;4;4;6;7,5;1,251817;8,21696;22,94651;0,08197619;11,36021;0,00;0,799932;
27765;Ca;Ca1;20;E2;4;2;4;6;8,57;1,439959;12,5066;29,58902;0,08140463;18,05349;0,00;0,700348;
27765;Sn;Sn1;50;E14;5;4;4;6;6,65;1,270758;8,59562;24,31235;0,08295493;11,52693;0,00;0,902708;
27767;Sn;Sn1;50;E14;5;4;4;6;7,95;1,217172;7,55343;21,4209;0,08143483;10,6274;0,00;0,754266;
27767;Zn;Zn1;30;E12;4;2;4;6;7,45;1,343225;10,15161;26,30617;0,08216246;13,95661;0,00;0,805807;
28425;Ca;Ca1;20;E2;4;2;4;9;7,17;1,462724;13,10919;30,85301;0,08150253;32,25078;0,07;0,925356;
30744;Zn;Zn1;30;E12;4;2;1;6;5,87;1,27888;8,7615;25,51792;0,08346286;11,63728;0,00;1;
31029;K;K1;19;E1;4;1;8;9;7,45;1,663803;19,29275;39,61098;0,08087622;45,7277;0,07;0,925889;
31390;Na;Na1;11;E1;3;1;4;6;6,12;1,533094;15,09367;35,87494;0,08397218;19,16;0,02;0,996801;
34446;K;K1;19;E1;4;1;4;8;8,19;1,662531;19,24855;39,80012;0,08069331;39,38289;0,00;0,892284;
34757;Zn;Zn1;30;E12;4;2;3;6;6,22;1,287616;8,94228;25,50119;0,08308294;11,96838;0,00;0,963986;
34758;Ni;Ni1;28;E10;4;2;3;6;6,44;1,265769;8,49478;24,41215;0,08280732;11,43122;0,00;0,931412;
34759;Co;Co1;27;E9;4;2;3;6;6,15;1,290179;8,99577;25,70209;0,08319886;12,0158;0,00;0,974995;
35348;U;U1;92;An;7;6;4;6;4,53;1,313316;9,48847;27,103;0,08565894;12,61981;0,01;1;
35455;Re;Re1;75;E7;6;6;8;6;10,53;1,109735;5,72461;17,20624;0,08010728;8,87927;0,00;0,56962;
35456;Rb;Rb1;37;E1;5;1;2;10;6,88;1,783738;23,7729;45,50542;0,08039341;61,85019;0,03;0,960445;
35456;Rb;Rb2;37;E1;5;1;4;10;7,38;1,795629;24,2515;46,21448;0,08148269;58,82204;0,11;0,970462;
35637;In;In1;49;E13;5;3;8;6;7,54;1,323558;9,7122;25,64319;0,08200196;13,42395;0,00;0,795736;
36444;K;K1;19;E1;4;1;4;8;8,23;1,662617;19,25154;39,77218;0,08063013;39,46061;0,00;0,888089;
38676;Ca;Ca1;20;E2;4;2;2;6;3,87;1,240463;7,99539;28,00798;0,10336062;16,318;0,08;0,99587;
38676;Ca;Ca2;20;E2;4;2;2;6;3,66;1,264785;8,47498;28,93904;0,10543329;16,443;0,16;0,996691;
38676;Ca;Ca3;20;E2;4;2;2;7;5,03;1,499965;14,13618;35,22621;0,08692899;20,505;0,12;1;
38679;Na;Na3;11;E1;3;1;2;6;4,96;1,481591;13,62301;32,9926;0,08541009;17,877;0,21;0,959893;
38679;Na;Na1;11;E1;3;1;2;6;4,82;1,514382;14,54773;34,9419;0,08456669;17,772;0,07;0,983865;
38679;Na;Na2;11;E1;3;1;2;6;5,19;1,530701;15,02311;36,06129;0,08504547;18,077;0,09;0,976068;
39271;Na;Na1;11;E1;3;1;2;6;5,55;1,507434;14,34839;34,85638;0,08369797;18,79107;0,07;0,962247;
39271;Na;Na2;11;E1;3;1;1;6;6,01;1,532248;15,06869;34,59335;0,08271071;20,24793;0,00;0,945921;
39271;Na;Na3;11;E1;3;1;2;7;6,41;1,515009;14,56581;33,85806;0,08330048;22,77987;0,05;0,931243;
39732;Fe;Fe1;26;E8;4;3;2;6;5,81;1,244171;8,06731;24,14839;0,08345692;10,727;0,00;0,999976;
39732;Fe;Fe2;26;E8;4;3;4;6;5,59;1,242068;8,02648;23,94763;0,08338598;10,67337;0,01;0,98849;
39928;K;K1;19;E1;4;1;4;8;8;1,678317;19,80207;40,6755;0,08055106;41,35159;0,00;0,902027;
41200;Na;Na1;11;E1;3;1;2;6;6,49;1,498632;14,09851;33,957;0,08295647;18,762;0,00;0,89098;
41201;Na;Na1;11;E1;3;1;2;6;6,27;1,489526;13,84309;33,47511;0,08281615;18,452;0,02;0,889162;
41201;Na;Na2;11;E1;3;1;2;6;6,32;1,497276;14,0603;33,82937;0,08292668;18,673;0,01;0,90108;
41212;Al;Al1;13;E13;3;3;4;6;5,75;1,190741;7,07197;22,05184;0,08424224;9,06122;0,05;0,984129;
41213;Al;Al1;13;E13;3;3;4;6;5,49;1,191035;7,07721;22,14039;0,08438884;9,06557;0,05;0,988746;
41214;Al;Al1;13;E13;3;3;4;6;5,85;1,259951;8,37817;24,78559;0,08509549;10,52635;0,10;0,988799;
41215;Al;Al1;13;E13;3;3;4;6;4,99;1,202137;7,27697;22,67324;0,08535641;9,20049;0,09;0,996901;
43349;Cr;Cr1;24;E6;4;3;3;6;6,09;1,237414;7,93658;23,78979;0,08455828;10,03765;0,00;0,984449;
43350;Cr;Cr1;24;E6;4;3;3;6;6,22;1,235838;7,9063;23,54539;0,08413207;10,02415;0,00;0,964204;
50581;Al;Al1;13;E13;3;3;2;6;6,05;1,154882;6,45211;20,16179;0,08319279;8,76656;0,03;0,858446;
51253;Mg;Mg1;12;E2;3;2;2;6;5,93;1,312689;9,4749;27,03723;0,08529519;11,74509;0,00;0,996935;
51253;Mg;Mg2;12;E2;3;2;4;6;6,02;1,311949;9,45887;26,56302;0,08437693;11,88239;0,01;0,967484;
51253;Mg;Mg3;12;E2;3;2;4;6;5,96;1,29409;9,07784;25,21289;0,08309439;12,33408;0,06;0,866679;
51253;Mg;Mg4;12;E2;3;2;4;6;5,32;1,336511;10,00014;27,95645;0,08475912;12,58816;0,03;0,999014;
51253;Mg;Mg5;12;E2;3;2;4;6;6;1,28469;8,88145;24,73436;0,08312632;12,14303;0,07;0,815684;
54135;Be;Be1;4;E2;2;2;4;4;4,51;1,17488;6,79312;22,78031;0,09393993;2,227;0,02;0,853433;
54871;Rb;Rb1;37;E1;5;1;4;8;8,25;1,752213;22,53459;44,10671;0,0808171;45,09221;0,00;0,870352;
54872;Rb;Rb1;37;E1;5;1;4;8;8,25;1,752273;22,53688;44,10774;0,0808144;45,09903;0,00;0,870093;
60857;Mo;Mo1;42;E6;5;6;4;4;4,16;1,287816;8,94645;28,0894;0,09407369;2,90766;0,02;0,973451;
60857;Na;Na1;11;E1;3;1;2;6;6,36;1,516055;14,59598;34,39117;0,08281647;18,90909;0,00;0,990045;
60857;Ni;Ni1;28;E10;4;2;4;6;6,07;1,286779;8,92485;25,54455;0,08348903;11,68497;0,00;0,967585;
61076;Mn;Mn1;25;E7;4;2;4;6;6,29;1,338744;10,05035;26,99909;0,08236158;13,67823;0,00;0,879497;
61076;Mo;Mo1;42;E6;5;6;4;4;4,07;1,292005;9,03402;28,729;0,09618931;2,84508;0,01;0,984212;
61076;Na;Na1;11;E1;3;1;2;6;6,51;1,554822;15,74456;36,11952;0,08262483;20,11292;0,00;0,996198;
61116;Ni;Ni1;28;E10;4;2;1;6;6,27;1,293821;9,07217;25,74101;0,08403897;11,51045;0,00;0,957218;
61455;Zr;Zr1;40;E4;5;4;12;6;5,89;1,283263;8,85187;25,57848;0,08342098;11,74204;0,01;0,988363;
61456;Zr;Zr1;40;E4;5;4;12;6;6,03;1,506483;14,32127;33,07108;0,09020561;14,63203;0,34;0,901153;
62288;Na;Na1;11;E1;3;1;8;5;5,76;1,560139;15,90663;35,43845;0,08391604;11,41068;0,09;0,879562;
62288;Na;Na2;11;E1;3;1;8;6;6,08;1,500153;14,14149;34,56128;0,0838;18,30497;0,07;0,942158;
62289;Na;Na1;11;E1;3;1;8;5;5,75;1,560094;15,90526;35,42999;0,08392153;11,40938;0,09;0,877828;
62289;Na;Na2;11;E1;3;1;8;6;6,05;1,498671;14,09961;34,51104;0,08378175;18,26656;0,06;0,94497;
64753;Cr;Cr1;24;E6;4;3;3;6;6,22;1,239289;7,97272;23,67609;0,0839074;10,21613;0,00;0,964951;
64755;Cr;Cr1;24;E6;4;3;3;6;6,09;1,241005;8,00588;23,92991;0,08444584;10,17503;0,00;0,985418;
64756;Cr;Cr1;24;E6;4;3;3;6;6,13;1,248704;8,15582;24,13935;0,08397635;10,50815;0,00;0,979365;
65778;Co;Co1;27;E9;4;2;3;6;6,07;1,292579;9,04607;25,92188;0,08325452;12,07304;0,00;0,989098;
65784;Cu;Cu1;29;E11;4;2;4;6;5,59;1,296829;9,1356;25,9119;0,08417414;12,21771;0,00;0,957135;
65784;K;K1;19;E1;4;1;2;8;8,28;1,618061;17,74489;37,18272;0,08049514;33,56192;0,00;0,973309;
65809;Rb;Rb1;37;E1;5;1;2;10;6,88;1,782625;23,72841;45,45326;0,08040882;61,76659;0,03;0,961735;
65809;Rb;Rb2;37;E1;5;1;4;10;7,41;1,795225;24,23512;46,19237;0,08150377;58,79885;0,11;0,970655;
66239;Nd;Nd1;60;Ln;6;3;8;8;7,42;1,434512;12,3652;30,10413;0,08125717;26,25552;0,02;0,982348;
66250;Be;Be1;4;E2;2;2;2;4;4,34;1,184926;6,96888;23,48577;0,0945993;2,22513;0,00;0,934751;
66250;Be;Be2;4;E2;2;2;2;4;4,24;1,186187;6,99114;23,76749;0,09622999;2,22182;0,04;0,927491;
66324;Na;Na1;11;E1;3;1;4;8;5,98;1,536848;15,20483;34,86741;0,08344137;25,67;0,09;0,999981;
66325;Na;Na1;11;E1;3;1;4;10;5,95;1,541736;15,35037;35,01255;0,08323329;40,308;0,08;1;
68170;Al;Al1;13;E13;3;3;9;6;6,18;1,173548;6,77005;21,14849;0,08296292;9,06477;0,00;0,96216;
68170;Sr;Sr1;38;E2;5;2;3;12;12,33;1,50937;14,40376;31,07637;0,07821422;51,19698;0,00;0,879502;
69121;Ca;Ca1;20;E2;4;2;4;6;5,85;1,498925;14,1068;33,60285;0,08315779;13,093;0,03;0,999334;
69121;Ca;Ca4;20;E2;4;2;4;6;5,21;1,533439;15,10388;35,1456;0,08604169;14,091;0,10;0,966552;
69121;Ca;Ca2;20;E2;4;2;8;6;5,66;1,488716;13,82051;33,64784;0,08399115;17,041;0,01;0,987808;
69121;Ca;Ca3;20;E2;4;2;4;6;6,42;1,484569;13,70535;32,94314;0,0830089;16,966;0,09;1;
69389;Ca;Ca2;20;E2;4;2;4;8;6,59;1,496815;14,0473;32,76714;0,08178693;28,93;0,05;0,987727;
69389;Ca;Ca1;20;E2;4;2;4;6;5,89;1,501897;14,19087;33,75841;0,08430865;17,427;0,15;0,99803;
69389;Zn;Zn1;30;E12;4;2;4;4;4,24;1,387601;11,19136;31,15778;0,09171638;3,605;0,15;0,977574;
69452;Be;Be1;4;E2;2;2;1;4;4,35;1,17951;6,87375;23,29197;0,09397074;2,2261;0,01;0,916177;
69452;Be;Be2;4;E2;2;2;1;4;4,28;1,178528;6,85659;23,20741;0,09420077;2,21635;0,03;0,916629;
69453;Be;Be1;4;E2;2;2;2;4;4,36;1,175921;6,81119;23,07526;0,09374123;2,22063;0,02;0,909316;
69453;Be;Be2;4;E2;2;2;2;4;4,29;1,176468;6,82071;23,10728;0,09397179;2,21323;0,03;0,912948;
71198;Rb;Rb1;37;E1;5;1;2;10;6,88;1,782625;23,72841;45,45326;0,08040882;61,76659;0,03;0,961735;
71198;Rb;Rb2;37;E1;5;1;4;10;7,41;1,795225;24,23512;46,19237;0,08150377;60;0,11;0,970655;
71231;Pb;Pb1;82;E14;6;2;2;6;7,18;1,624609;17,96121;38,18092;0,08581181;17,91667;0,32;0,901757;
71861;Al;Al1;13;E13;3;3;16;6;6,37;1,182886;6,93293;21,32337;0,08286753;9,24828;0,00;0,94184;
71861;Sr;Sr1;38;E2;5;2;24;8;7,89;1,537208;15,2155;34,339;0,08142464;29,626;0,00;0,941389;
71904;Ti;Ti1;22;E4;4;4;4;6;4,66;1,224362;7,68809;23,54291;0,0842424;10,13448;0,04;1;
71904;Ti;Ti2;22;E4;4;4;4;6;4,88;1,221996;7,6436;23,36537;0,0838911;10,15414;0,04;1;
71904;K;K1;19;E1;4;1;4;8;7,31;1,742916;22,17776;43,26363;0,08501756;29,343;0,21;0,947506;
71904;K;K2;19;E1;4;1;4;9;7,6;1,751788;22,51819;43,62614;0,08432705;40,095;0,18;0,947248;
72051;Ti;Ti1;22;E4;4;4;4;6;4,84;1,227085;7,73949;23,64962;0,08422466;10,12675;0,03;1;
72051;K;K1;19;E1;4;1;4;9;7,43;1,751777;22,51775;43,58886;0,08445784;29,764;0,19;0,947235;
72051;K;K2;19;E1;4;1;4;9;7,62;1,744094;22,22277;43,30931;0,08426463;39,627;0,17;0,942027;
72051;Ti;Ti2;22;E4;4;4;4;6;4,88;1,220762;7,62047;23,31398;0,08385158;10,124;0,03;1;
72052;Mn;Mn1;25;E7;4;3;4;6;5,54;1,217173;7,55345;22,90265;0,08434261;10,09694;0,00;0,965197;
72053;Mn;Mn1;25;E7;4;3;4;6;5,47;1,230825;7,81047;23,42994;0,084652;10,3656;0,00;0,962926;
72533;Rb;Rb1;37;E1;5;1;2;10;6,88;1,782625;23,72841;45,45326;0,08040882;61,76659;0,03;0,961735;
72533;Rb;Rb2;37;E1;5;1;4;10;7,41;1,795225;24,23512;46,19237;0,08150377;58,79885;0,11;0,970655;
73265;Cu;Cu1;29;E11;4;2;4;6;5,75;1,29198;9,0335;25,69064;0,08415764;12,05053;0,00;0,955286;
73265;Na;Na1;11;E1;3;1;2;8;7,93;1,543486;15,40271;34,34983;0,08132043;28,07972;0,00;0,990357;
73266;Cu;Cu1;29;E11;4;2;4;6;5,44;1,303896;9,28577;26,23398;0,08433644;12,27465;0,00;0,958564;
73266;Rb;Rb1;37;E1;5;1;2;12;8,32;1,686058;20,07735;40,11781;0,08031291;72,09375;0,00;0,972825;
73499;Na;Na1;11;E1;3;1;1;6;6,01;1,527488;14,92871;35,70063;0,08403208;18,958;0,02;0,99829;
73499;Na;Na2;11;E1;3;1;1;6;6,05;1,533237;15,09789;35,84652;0,08397963;19,171;0,03;0,994403;
73499;Na;Na3;11;E1;3;1;1;6;5,98;1,531878;15,0578;35,83075;0,08395746;19,147;0,02;0,996122;
73499;Na;Na4;11;E1;3;1;1;6;5,96;1,527813;14,93824;35,67927;0,08410169;18,946;0,03;0,997543;
73500;Na;Na1;11;E1;3;1;1;6;6,15;1,526704;14,90574;35,5749;0,0838852;18,966;0,02;0,998223;
73500;Na;Na2;11;E1;3;1;1;6;6,04;1,53304;15,09209;35,82807;0,08388308;19,225;0,02;0,995657;
73500;Na;Na3;11;E1;3;1;1;6;6,08;1,533134;15,09485;35,84823;0,08389066;19,229;0,02;0,995241;
73500;Na;Na4;11;E1;3;1;1;6;6,1;1,527021;14,91501;35,60019;0,08392743;18,972;0,02;0,998073;
73502;Na;Na1;11;E1;3;1;1;6;6,02;1,53686;15,20516;36,1274;0,08412697;19,24;0,03;0,996859;
73502;Na;Na2;11;E1;3;1;1;6;6,02;1,534626;15,13898;36,02898;0,08421478;19,09;0,03;0,997298;
73502;Na;Na3;11;E1;3;1;1;6;6,01;1,535266;15,15791;36,04277;0,08412507;19,178;0,03;0,997037;
73502;Na;Na4;11;E1;3;1;1;6;5,98;1,535741;15,17199;36,0669;0,08419615;19,144;0,03;0,997559;
73503;Na;Na1;11;E1;3;1;4;6;6,07;1,533826;15,11529;35,94437;0,08403821;19,169;0,02;0,997078;
74114;Sr;Sr1;38;E2;5;2;4;10;7,17;1,504319;14,25963;32,36168;0,08142525;38,92847;0,12;0,982574;
74114;Sr;Sr4;38;E2;5;2;4;10;8,4;1,570016;16,21066;34,73139;0,0804102;41,868;0,05;0,968295;
74114;Cu;Cu1;29;E11;4;2;8;4;5,23;1,347778;10,2552;27,84794;0,08796372;0,179;0,09;0,95745;
74114;Sr;Sr2;38;E2;5;2;4;8;8,14;1,598945;17,12338;36,24104;0,08161803;33,862;0,13;0,919916;
74114;Sr;Sr3;38;E2;5;2;4;8;6,84;1,537429;15,22208;34,36229;0,08377728;28,812;0,15;0,955074;
74519;Co;Co1;27;E9;4;2;4;6;5,62;1,323281;9,70609;27,42948;0,08435268;12,47909;0,03;0,995777;
74519;K;K1;19;E1;4;1;4;10;9,88;1,670503;19,52676;38,90047;0,08025178;54,79757;0,11;0,863303;
75284;Al;Al1;13;E13;3;3;8;6;6,26;1,165213;6,62681;20,47132;0,08284291;9,07922;0,06;0,872624;
75536;K;K1;19;E1;4;1;4;8;6,46;1,672123;19,58365;40,38579;0,08137688;37,26249;0,02;0,890882;
75537;K;K1;19;E1;4;1;4;8;6,5;1,677895;19,78714;40,65672;0,08140384;37,54568;0,02;0,891694;
76927;Mg;Mg1;12;E2;3;2;4;6;7,66;1,293255;9,06027;24,39482;0,08179243;12,15788;0,00;0,782828;
76927;Sn;Sn1;50;E14;5;4;4;6;10;1,297695;9,15392;23,74141;0,08047959;13,18969;0,00;0,59991;
76928;Mn;Mn1;25;E7;4;2;4;6;6,93;1,26103;8,39972;23,82277;0,08237058;11,55395;0,00;0,865962;
76928;Sn;Sn1;50;E14;5;4;4;6;8,02;1,322708;9,69351;25,4373;0,08151554;13,81738;0,00;0,74791;
77599;Al;Al1;13;E13;3;3;4;6;6;1,147913;6,336;20,54602;0,08334614;8,44413;0,00;1;
77600;Al;Al1;13;E13;3;3;4;6;6;1,168621;6,68513;21,29536;0,08335685;8,90604;0,00;1;
77924;Re;Re1;75;E7;6;7;4;4;4,21;1,26074;8,39392;27,1697;0,09500567;2,65287;0,00;0,999004;
78178;Nd;Nd2;60;Ln;6;3;8;9;6,39;1,480831;13,60208;31,62913;0,08123234;32,776;0,05;0,997972;
78178;Nd;Nd3;60;Ln;6;3;8;9;7,13;1,458436;12,99424;30,66541;0,08128522;31,7;0,06;1;
78178;Nd;Nd1;60;Ln;6;3;8;8;6,82;1,452666;12,84061;31,16416;0,08201702;26,093;0,05;0,997176;
78940;Li;Li1;3;E1;2;1;1;6;5,78;1,323426;9,70929;27,27599;0,0836307;12,83825;0,00;0,996474;
79380;Cs;Cs4;55;E1;6;1;8;14;8,93;1,821474;25,31382;45,87271;0,07967248;91,376;0,01;0,952343;
79380;Sb;Sb1;51;E15;5;5;16;6;5,78;1,223717;7,67594;23,38547;0,08359505;10,15529;0,02;1;
79380;Sb;Sb2;51;E15;5;5;16;6;5,63;1,219329;7,59366;23,25471;0,08386983;9,96564;0,03;1;
79380;Cs;Cs1;55;E1;6;1;8;12;8,72;1,979459;32,48841;55,30923;0,08647191;71,066;0,05;0,910078;
79380;Cs;Cs2;55;E1;6;1;8;11;7,67;1,927535;29,9982;52,34502;0,09167132;52,155;0,46;0,902833;
79380;Cs;Cs3;55;E1;6;1;8;13;9,17;1,964403;31,75267;53,92029;0,08933279;69,229;0,44;0,920002;
79381;Cs;Cs4;55;E1;6;1;8;14;8,53;1,822875;25,37225;45,99163;0,07969161;92,275;0,02;0,952054;
79381;Sb;Sb1;51;E15;5;5;16;6;5,52;1,215919;7,53012;23,11394;0,08371859;9,93187;0,01;1;
79381;Sb;Sb2;51;E15;5;5;16;6;5,8;1,229887;7,79264;23,64053;0,08379418;10,2499;0,03;1;
79381;Cs;Cs1;55;E1;6;1;8;12;8,91;1,975104;32,27442;55,13805;0,08662126;70,611;0,06;0,911977;
79381;Cs;Cs2;55;E1;6;1;8;11;7,64;1,931995;30,20695;52,59962;0,09175347;52,77;0,46;0,903822;
79381;Cs;Cs3;55;E1;6;1;8;13;9,16;1,957377;31,41318;53,64543;0,08928418;69,018;0,43;0,923731;
79472;Li;Li1;3;E1;2;1;1;4;5,55;1,36339;10,61571;29,61731;0,09095352;3,71733;0,02;0,718592;
80024;Ti;Ti1;22;E4;4;4;4;6;4,65;1,226403;7,7266;23,64586;0,08430321;10,15084;0,03;1;
80024;Ti;Ti2;22;E4;4;4;4;6;4,87;1,221867;7,64118;23,3697;0,08394235;10,13754;0,04;1;
80024;K;K1;19;E1;4;1;4;9;7,25;1,745675;22,28327;43,31198;0,0850266;41,174;0,22;0,94343;
80024;K;K2;19;E1;4;1;4;9;7,16;1,765814;23,06342;44,19289;0,08389836;40,252;0,12;0,943803;
80061;Bi;Bi1;83;E15;6;3;2;6;6,06;1,487963;13,79954;32,24513;0,08649672;10,226;0,31;0,987162;
80061;Mo;Mo1;42;E6;5;6;4;6;4,61;1,217298;7,55579;23,53476;0,08606777;9,56679;0,03;0,99142;
80388;Nb;Nb1;41;E5;5;5;4;6;6;1,186139;6,9903;21,93562;0,08333395;9,32019;0,00;1;
80638;Cr;Cr1;24;E6;4;2;3;6;6,99;1,288303;8,95658;24,76029;0,08186474;12,45391;0,00;0,858008;
81103;Fe;Fe1;26;E8;4;3;2;6;6;1,239123;7,96951;23,99628;0,08367261;10,45611;0,00;1;
81103;Fe;Fe2;26;E8;4;3;4;6;5,86;1,238342;7,95445;23,78875;0,08353394;10,4522;0,01;0,976323;
81103;Fe;Fe3;26;E8;4;3;2;6;6,05;1,236293;7,91504;23,74624;0,08343669;10,50244;0,00;0,991302;
81422;Mn;Mn1;25;E7;4;2;4;6;5,99;1,341356;10,10929;27,78896;0,08332036;13,45026;0,00;0,967995;
81422;V;V1;23;E5;4;5;8;5;4,16;1,234979;7,88983;25,63596;0,0965442;4,65824;0,13;0,989923;
83577;Zn;Zn1;30;E12;4;2;8;4;4,44;1,386722;11,17011;31,81011;0,09210892;3,80941;0,07;0,895191;
83578;Zn;Zn1;30;E12;4;2;8;4;4,42;1,396284;11,40275;32,39464;0,0926438;3,80854;0,06;0,923311;
84856;Li;Li1;3;E1;2;1;4;5;5,08;1,354145;10,40121;27,84423;0,08706163;6,788;0,10;0,898402;
84856;Mn;Mn1;25;E7;4;3;2;6;5,47;1,246028;8,10348;24,14854;0,084488;10,633;0,00;0,97972;
84856;Mn;Mn2;25;E7;4;3;2;6;5,57;1,257168;8,32279;24,65431;0,08440489;10,934;0,00;0,989605;
84857;Li;Li1;3;E1;2;1;4;5;5,22;1,350661;10,32115;27,68649;0,08716079;6,711;0,10;0,902381;
84857;Mn;Mn1;25;E7;4;3;2;6;5,44;1,246467;8,11206;24,18788;0,08460175;10,62;0,00;0,982476;
84857;Mn;Mn2;25;E7;4;3;2;6;5,59;1,25424;8,26477;24,51765;0,08430271;10,87;0,00;0,987622;
84858;Mn;Mn1;25;E7;4;3;2;6;5,31;1,24355;8,05524;24,05132;0,08464876;10,54048;0,00;0,977035;
84858;Li;Li1;3;E1;2;1;4;6;4,95;1,370755;10,78868;28,72289;0,08706222;12,542;0,11;0,908173;
84858;Mn;Mn2;25;E7;4;3;2;6;5,55;1,265263;8,4846;24,98108;0,08482433;11,007;0,00;0,981641;
84859;Mn;Mn1;25;E7;4;3;2;6;5,32;1,24458;8,07527;24,10381;0,08468208;10,55495;0,00;0,978768;
84859;Li;Li1;3;E1;2;1;4;6;4,98;1,3657;10,66977;28,50605;0,08717659;12,431;0,11;0,91037;
84859;Mn;Mn2;25;E7;4;3;2;6;5,55;1,265538;8,49014;24,98457;0,08482104;11,006;0,00;0,981063;
86410;K;K1;19;E1;4;1;4;8;8,16;1,643551;18,5968;38,87937;0,08059777;38,23803;0,00;0,891187;
86411;K;K1;19;E1;4;1;4;8;8,39;1,6298;18,13392;38,19994;0,0804647;37,56301;0,00;0,869291;
86412;K;K1;19;E1;4;1;4;8;8,39;1,631212;18,18107;38,25322;0,08045314;37,6599;0,00;0,866861;
86776;V;V1;23;E5;4;4;2;5;4,18;1,242727;8,03925;26,64639;0,0963861;5,15;0,00;0,995059;
86776;Li;Li1;3;E1;2;1;4;6;5,53;1,371603;10,8087;29,29901;0,08664173;13,284;0,00;0,979482;
87429;Mg;Mg1;12;E2;3;2;4;6;9,03;1,265995;8,49933;22,68296;0,08069938;12,46013;0,00;0,664093;
87429;Sn;Sn1;50;E14;5;4;4;6;6,72;1,264425;8,46775;23,8888;0,08259054;11,46181;0,00;0,892292;
87431;Ca;Ca1;20;E2;4;2;4;6;7,42;1,431146;12,27837;29,584;0,08160672;17,12077;0,00;0,809006;
87431;Sn;Sn1;50;E14;5;4;4;6;10,78;1,209689;7,41497;20,46829;0,08015373;11,47915;0,00;0,556794;
87567;Be;Be1;4;E2;2;2;16;4;4,08;1,198782;7,21622;25,1006;0,09838547;2,21015;0,06;0,970049;
87567;Be;Be2;4;E2;2;2;16;4;4,09;1,185803;6,98435;24,55601;0,09860261;2,11025;0,06;0,978169;
88570;Cr;Cr1;24;E6;4;3;3;6;6,09;1,239836;7,98329;23,88484;0,08445605;10,14193;0,00;0,985344;
88571;Cr;Cr1;24;E6;4;3;3;6;6,09;1,239805;7,98268;23,8828;0,0844471;10,14436;0,00;0,985331;
88572;Cr;Cr1;24;E6;4;3;3;6;6,09;1,239895;7,98441;23,88636;0,08441902;10,15866;0,00;0,985539;
88689;La;La1;57;Ln;6;3;4;9;6,4;1,497764;14,07405;32,62989;0,08145961;32,359;0,03;0,999998;
88689;La;La2;57;Ln;6;3;4;9;6,33;1,515161;14,57019;32,99337;0,08128112;33,46;0,04;0,998536;
88689;Mn;Mn1;25;E7;4;2;2;6;5,84;1,379349;10,99286;30,19085;0,08616201;13,187;0,00;1;
88689;Mn;Mn2;25;E7;4;3;4;5;5,19;1,287041;8,93029;26,27672;0,09082887;4,954;0,13;0,999854;
88785;Li;Li1;3;E1;2;1;3;6;5,34;1,398959;11,46842;29,4174;0,08413661;14,374;0,04;0,966115;
88785;Li;Li2;3;E1;2;1;3;6;5,02;1,343787;10,16436;27,89174;0,08518867;12,367;0,01;0,969698;
88791;Ba;Ba1;56;E2;6;2;2;6;6,89;1,666413;19,3837;40,65802;0,08337897;18,567;0,04;1;
88894;Na;Na1;11;E1;3;1;2;6;5,69;1,505127;14,28261;35,09383;0,08516805;17,82655;0,13;0,999996;
88894;Na;Na2;11;E1;3;1;1;6;6,11;1,487598;13,78941;33,73326;0,08308605;18,47135;0,00;0,89372;
89035;Cu;Cu1;29;E11;4;2;2;4;5,09;1,353503;10,38642;28,05424;0,08771199;0;0,00;0,924865;
89035;Cu;Cu2;29;E11;4;2;4;6;5,12;1,328754;9,82704;26,99264;0,08582846;12,292;0,05;0,941434;
89035;Cu;Cu3;29;E11;4;2;4;6;5,29;1,331051;9,87809;27,39328;0,08770837;12,376;0,13;0,952471;
89408;Cu;Cu1;29;E11;4;2;2;4;5,06;1,360245;10,5424;29,40565;0,08947344;0;0,00;1;
91543;Na;Na1;11;E1;3;1;4;6;6,39;1,51923;14,68789;34,39679;0,08418766;17,72216;0,09;0,8714;
93926;K;K1;19;E1;4;1;4;8;8,12;1,675622;19,70683;40,48443;0,08048547;41,26041;0,00;0,892787;
93927;K;K1;19;E1;4;1;4;8;8,09;1,664173;19,30563;40,06443;0,08052299;40,48412;0,00;0,898824;
93928;K;K1;19;E1;4;1;4;8;8,3;1,675065;19,68718;40,62902;0,08047955;41,30463;0,00;0,880053;
93929;K;K1;19;E1;4;1;4;8;8,39;1,66434;19,31145;39,99609;0,08036021;40,74895;0,00;0,873659;
93948;Fe;Fe1;26;E8;4;3;4;6;5,53;1,265726;8,49392;25,0861;0,08503926;10,6771;0,07;0,994393;
94033;Ti;Ti1;22;E4;4;4;12;6;5,69;1,197381;7,19095;22,39703;0,08356677;9,5092;0,02;1;
94033;Na;Na1;11;E1;3;1;6;6;7,19;1,586461;16,72542;37,24257;0,08669284;15,41;0,00;1;
95363;Mn;Mn1;25;E7;4;2;4;6;5,73;1,370317;10,77834;28,60183;0,08403786;13,56532;0,07;0,910735;
95363;Mn;Mn2;25;E7;4;2;8;6;5,77;1,377255;10,94288;29,0381;0,08463835;13,72348;0,03;0,93143;
95478;Bi;Bi1;83;E15;6;3;16;6;6,22;1,535665;15,16974;35,21348;0,0893869;15,834;0,35;1;
96084;Cu;Cu1;29;E11;4;2;4;4;5,11;1,351949;10,3507;28,95957;0,08854062;0,353;0,00;0,99993;
96084;Cu;Cu2;29;E11;4;2;4;4;5,04;1,407085;11,66944;30,75306;0,09391335;0,773;0,02;0,994975;
96349;Cu;Cu1;29;E11;4;2;4;6;5,81;1,327588;9,80119;27,01643;0,08607094;11,895;0,01;0,934501;
96349;Cu;Cu2;29;E11;4;2;8;6;5,66;1,301799;9,24103;25,94571;0,08439541;12,328;0,02;0,93976;
97712;Cu;Cu1;29;E11;4;2;2;6;5,68;1,297563;9,15111;25,54778;0,08373108;12,38995;0,00;0,915958;
97876;K;K1;19;E1;4;1;1;8;7,98;1,6943;20,37321;41,14104;0,08154244;37,00896;0,00;0,890188;
97876;Mg;Mg1;12;E2;3;2;1;6;6,02;1,282589;8,83795;25,57393;0,08343486;11,72241;0,00;0,991445;
101990;Mo;Mo1;42;E6;5;6;16;6;4,44;1,225594;7,71131;24,15576;0,08710549;9,78293;0,05;0,994374;
101990;Mo;Mo2;42;E6;5;6;16;6;4,42;1,226777;7,73367;24,17328;0,08711413;9,80638;0,05;0,995428;
107348;Ca;Ca1;20;E2;4;2;4;8;6,85;1,475264;13,44924;31,60197;0,08141221;28,219;0,05;0,968602;
107348;Mg;Mg1;12;E2;3;2;4;6;5,96;1,282742;8,84111;25,35022;0,08340342;11,803;0,01;0,948874;
109783;Co;Co2;27;E9;4;2;2;6;5,97;1,296338;9,12522;25,99911;0,08329392;12,16557;0,00;0,982245;
109783;Co;Co1;27;E9;4;2;2;6;5,92;1,301068;9,22546;26,19221;0,08337978;12,261;0,00;0,983092;
109783;Co;Co3;27;E9;4;2;4;6;5,45;1,307426;9,36138;26,72205;0,08416882;12,054;0,05;1;
109783;Co;Co4;27;E9;4;2;4;6;5,58;1,302654;9,25924;26,44205;0,08412942;11,916;0,03;0,991065;
110301;Zn;Zn1;30;E12;4;2;8;4;4,72;1,380544;11,02146;30,38712;0,09077957;3,62088;0,00;0,848453;
110301;Zn;Zn2;30;E12;4;2;16;4;4,29;1,403699;11,58539;32,83667;0,09283204;3,7328;0,06;0,917219;
110489;Zn;Zn1;30;E12;4;2;8;4;4,43;1,386783;11,17156;31,05959;0,0916868;3,71943;0,10;0,916224;
110739;Bi;Bi1;83;E15;6;5;1;6;5,98;1,275911;8,7006;25,38216;0,0833381;11,59923;0,00;1;
130171;In;In1;49;E13;5;3;2;6;6,84;1,308752;9,3899;25,35626;0,08295318;12,53431;0,00;0,824476;
132044;Eu;Eu1;63;Ln;6;3;2;8;7,25;1,417957;11,94203;29,59255;0,08164028;24,75241;0,01;0,995857;
132044;V;V1;23;E5;4;5;2;6;4,27;1,185541;6,97973;22,362;0,08572097;9,05202;0,04;0,998758;
132044;V;V2;23;E5;4;5;2;6;4,4;1,180343;6,88832;21,98871;0,08523152;8,90355;0,03;0,992156;
132044;V;V3;23;E5;4;5;2;6;4,32;1,18533;6,976;22,36678;0,0855797;8,9713;0,03;1;
132044;V;V4;23;E5;4;5;2;6;4,64;1,184862;6,96774;22,33347;0,0856258;9,00356;0,02;0,999958;
132044;V;V5;23;E5;4;5;2;6;4,41;1,18762;7,01651;22,04765;0,08492182;9,17445;0,04;0,980703;
141636;Co;Co1;27;E9;4;2;4;6;5,88;1,322516;9,68927;27,22439;0,08422527;12,43763;0,00;0,97792;
141636;Co;Co2;27;E9;4;2;4;6;5,83;1,322029;9,67858;27,35779;0,0862399;11,56608;0,00;0,97352;
141636;Co;Co3;27;E9;4;2;4;5;5,38;1,316327;9,55388;26,95253;0,08494699;6,65267;0,03;0,920373;
141877;Al;Al1;13;E13;3;3;1;6;5,93;1,183299;6,94021;21,8561;0,0835246;9,18975;0,00;1;
141877;K;K1;19;E1;4;1;2;9;8,32;1,689953;20,21679;40,05487;0,08079309;46,68486;0,12;0,949865;
141878;Al;Al1;13;E13;3;3;1;6;5,93;1,18549;6,97882;21,94345;0,08357147;9,22506;0,00;1;
141878;Rb;Rb1;37;E1;5;1;2;12;8,54;1,72962;21,6741;41,75863;0,08008733;72,80062;0,10;0,935689;
141879;Ga;Ga1;31;E13;4;3;1;6;5,88;1,227138;7,74049;23,52338;0,08365118;10,20467;0,00;1;
141879;K;K1;19;E1;4;1;2;9;8,36;1,681949;19,93089;39,68913;0,08062381;46,35563;0,12;0,952921;
141880;Ga;Ga1;31;E13;4;3;1;6;5,86;1,220769;7,6206;23,28923;0,08371854;10,02345;0,00;1;
141880;Rb;Rb1;37;E1;5;1;2;12;8,84;1,722431;21,40496;41,45454;0,07999797;72,87626;0,10;0,93882;
142162;Al;Al1;13;E13;3;3;32;6;5,79;1,165495;6,63162;20,76253;0,08320974;8,99634;0,05;0,936875;
142162;Al;Al2;13;E13;3;3;8;6;6,22;1,221633;7,6368;22,20645;0,08229317;10,32937;0,00;0,948988;
142163;Ga;Ga1;31;E13;4;3;32;6;5,79;1,22177;7,63936;22,52646;0,08277959;10,35179;0,06;0,922534;
142163;In;In1;49;E13;5;3;8;6;6,79;1,319066;9,61364;25,13083;0,08115371;13,43271;0,00;0,917831;
142188;Rb;Rb1;37;E1;5;1;4;8;7,04;1,747671;22,35979;43,65451;0,08108314;41,47803;0,03;0,850207;
142189;Rb;Rb1;37;E1;5;1;4;8;7,08;1,748124;22,37717;43,52472;0,08072932;42,19709;0,02;0,839507;
150463;Na;Na1;11;E1;3;1;4;6;6,17;1,530761;15,02488;35,72276;0,08378227;19,208;0,02;0,997182;
150464;Na;Na1;11;E1;3;1;4;6;6,13;1,530101;15,00546;35,72005;0,08383349;19,174;0,03;0,996594;
150465;Na;Na1;11;E1;3;1;2;6;6,15;1,530554;15,01878;35,725;0,08380382;19,188;0,02;0,997459;
150465;Na;Na2;11;E1;3;1;2;6;6,17;1,531247;15,0392;35,74311;0,08375786;19,242;0,02;0,997021;
150466;Na;Na1;11;E1;3;1;2;6;6,12;1,532135;15,06538;35,80287;0,08384482;19,224;0,02;0,996565;
150466;Na;Na2;11;E1;3;1;2;6;6,14;1,532523;15,0768;35,83896;0,08383727;19,245;0,02;0,99735;
150467;Na;Na1;11;E1;3;1;1;6;6,15;1,530562;15,01901;35,71968;0,08378286;19,206;0,02;0,997291;
150467;Na;Na2;11;E1;3;1;1;6;6,14;1,531339;15,0419;35,7405;0,08378719;19,224;0,02;0,997083;
150467;Na;Na3;11;E1;3;1;1;6;6,15;1,530031;15,00338;35,70311;0,08377887;19,193;0,02;0,997244;
150467;Na;Na4;11;E1;3;1;1;6;6,15;1,530297;15,01122;35,70426;0,08379777;19,185;0,02;0,99724;
150468;Na;Na1;11;E1;3;1;1;6;6,11;1,53087;15,02809;35,7653;0,08384461;19,195;0,03;0,997184;
150468;Na;Na2;11;E1;3;1;1;6;6,1;1,530015;15,00292;35,71483;0,08386859;19,144;0,03;0,996456;
150468;Na;Na3;11;E1;3;1;1;6;6,11;1,531323;15,04142;35,76735;0,08381433;19,235;0,03;0,996222;
150468;Na;Na4;11;E1;3;1;1;6;6,13;1,530572;15,0193;35,74093;0,08385239;19,175;0,03;0,997127;
150730;Rb;Rb1;37;E1;5;1;4;8;8,53;1,760467;22,85454;44,48673;0,08077006;45,79007;0,00;0,841996;
151252;Ca;Ca1;20;E2;4;2;4;8;5,98;1,462973;13,11589;32,0665;0,08235737;26,37469;0,00;1;
151475;Nb;Nb1;41;E5;5;5;2;6;4,44;1,155757;6,46678;21,4791;0,08681454;8,25611;0,00;1;
152062;In;In1;49;E13;5;3;8;6;5,35;1,334646;9,95834;27,81538;0,08512519;12,60028;0,11;1;
152062;In;In2;49;E13;5;3;4;6;5,69;1,334327;9,95121;27,66036;0,08464308;12,78546;0,10;1;
152180;Tb;Tb1;65;Ln;6;3;4;8;7,57;1,392958;11,32147;28,31757;0,08113951;23,692;0,03;0,996075;
154822;La;La1;57;Ln;6;3;2;9;6,38;1,486141;13,74893;32,00409;0,08090171;34,24774;0,07;0,999819;
154822;Ti;Ti1;22;E4;4;4;2;5;4,91;1,246526;8,1132;24,4941;0,08655508;5,30651;0,01;0,959598;
157296;Fe;Fe1;26;E8;4;2;2;6;6;1,320323;9,64115;26,84943;0,08326312;12,79841;0,00;0,968265;
157296;Fe;Fe2;26;E8;4;2;2;6;5,9;1,313029;9,48225;26,69582;0,08328576;12,66282;0,00;0,984806;
158507;Al;Al1;13;E13;3;3;2;6;5,93;1,182314;6,92289;21,11604;0,0827008;9,373;0,01;0,910155;
159078;Al;Al1;13;E13;3;3;8;6;6,3;1,173917;6,77642;20,95396;0,08302321;9,08372;0,04;0,933982;
159079;Al;Al1;13;E13;3;3;8;6;6,22;1,171455;6,73388;20,85855;0,08296467;9,04048;0,04;0,931228;
159080;Al;Al1;13;E13;3;3;8;6;6,37;1,169126;6,6938;20,83148;0,08306865;8,97787;0,04;0,935002;
159081;Al;Al1;13;E13;3;3;8;6;6,29;1,168155;6,67714;20,80387;0,08303889;8,95699;0,04;0,935292;
159082;Al;Al1;13;E13;3;3;8;6;6,08;1,16344;6,59661;20,64643;0,0830436;8,85548;0,03;0,934842;
159083;Al;Al1;13;E13;3;3;8;6;6,08;1,16399;6,60597;20,66222;0,08303051;8,87437;0,03;0,934394;
159084;Al;Al1;13;E13;3;3;8;6;6,07;1,158311;6,50975;20,48698;0,0830245;8,75957;0,03;0,934801;
159085;Al;Al1;13;E13;3;3;8;6;6,14;1,157605;6,49785;20,43401;0,08295128;8,73893;0,03;0,936976;
159110;Na;Na1;11;E1;3;1;2;8;7,3;1,533072;15,09303;34,12849;0,08175482;27,61549;0,00;0,980688;
159110;Ni;Ni1;28;E10;4;2;4;6;6,41;1,277061;8,72415;24,87128;0,08317445;11,61094;0,00;0,903258;
159111;Na;Na1;11;E1;3;1;2;8;7,25;1,525609;14,87368;33,82869;0,08178514;27,21886;0,00;0,978215;
159111;Ni;Ni1;28;E10;4;2;4;6;6,38;1,276227;8,70709;24,8741;0,08321905;11,55549;0,00;0,916339;
159112;Co;Co1;27;E9;4;2;4;6;6,3;1,301613;9,23706;25,87658;0,0833102;12,24482;0,00;0,910556;
159112;Na;Na1;11;E1;3;1;2;8;7,47;1,550195;15,60441;34,78947;0,08181904;28,64469;0,00;0,976216;
159113;Co;Co1;27;E9;4;2;4;6;6,33;1,297144;9,14224;25,69096;0,08327037;12,13121;0,00;0,912985;
159113;Na;Na1;11;E1;3;1;2;8;7,41;1,538606;15,25705;34,3207;0,08183532;27,96684;0,00;0,975275;
159114;Co;Co1;27;E9;4;2;4;6;6,2;1,300499;9,21336;25,87894;0,08331453;12,14329;0,00;0,922266;
159114;Na;Na1;11;E1;3;1;2;8;7,05;1,54193;15,35616;34,94373;0,08212684;27,88726;0,00;0,991166;
159115;Co;Co1;27;E9;4;2;4;6;5,93;1,307113;9,35467;26,23544;0,08357732;12,24737;0,00;0,933116;
159115;K;K1;19;E1;4;1;2;8;7,89;1,638353;18,4209;38,32688;0,08089495;33,99733;0,00;0,974932;
159370;V;V1;23;E5;4;5;4;6;4,2;1,187665;7,0173;22,49099;0,0860168;9,10847;0,05;0,999169;
159370;V;V3;23;E5;4;5;4;6;4,18;1,189884;7,05671;22,58728;0,08610099;9,13192;0,05;0,998881;
159370;V;V4;23;E5;4;5;4;6;4,3;1,187863;7,02081;22,50401;0,08621226;8,97902;0,04;0,99046;
159370;V;V5;23;E5;4;5;4;6;4,24;1,189447;7,04894;22,59875;0,08624814;9,04411;0,04;0,995082;
159370;V;V2;23;E5;4;5;4;6;4,58;1,18154;6,90929;22,09704;0,08546945;8,941;0,02;0,988947;
161608;Al;Al1;13;E13;3;3;2;6;5,94;1,184569;6,96258;21,21044;0,08272741;9,427;0,01;0,911101;
161609;Al;Al1;13;E13;3;3;2;6;6,01;1,183222;6,93884;21,15645;0,08268125;9,402;0,01;0,911386;
161610;Al;Al1;13;E13;3;3;2;6;5,97;1,180367;6,88874;21,0527;0,08266741;9,337;0,01;0,910875;
161611;Al;Al1;13;E13;3;3;2;6;6,06;1,177702;6,84218;20,95527;0,08263034;9,28;0,01;0,911699;
161612;Al;Al1;13;E13;3;3;2;6;6,01;1,174703;6,79005;20,84742;0,08264206;9,204;0,01;0,912092;
161613;Al;Al1;13;E13;3;3;2;6;5,96;1,172278;6,74808;20,76237;0,08263764;9,153;0,01;0,912631;
161614;Al;Al1;13;E13;3;3;2;6;6,09;1,170681;6,72055;20,69652;0,08259491;9,12;0,01;0,912764;
161615;Al;Al1;13;E13;3;3;2;6;6,14;1,168785;6,68794;20,62386;0,08256582;9,077;0,01;0,912472;
161616;Al;Al1;13;E13;3;3;2;6;6,12;1,167873;6,6723;20,58978;0,08254384;9,058;0,01;0,912138;
161617;Al;Al1;13;E13;3;3;2;6;6,16;1,167745;6,67011;20,589;0,08254934;9,057;0,01;0,913591;
161618;Al;Al1;13;E13;3;3;2;6;6,18;1,166981;6,65702;20,56042;0,08254481;9,039;0,01;0,91303;
161619;Al;Al1;13;E13;3;3;2;6;6,02;1,167732;6,66987;20,59165;0,0826206;9,047;0,01;0,911534;
161726;U;U1;92;An;7;6;4;7;4,59;1,293791;9,07154;25,56048;0,08382287;15,74401;0,01;0,999998;
161830;K;K1;19;E1;4;1;4;8;6,52;1,669084;19,47706;40,21188;0,08136202;37,06252;0,02;0,895444;
162018;Fe;Fe1;26;E8;4;3;9;6;6,44;1,240104;7,98845;23,45216;0,08273938;10,80385;0,00;0,931323;
162019;Fe;Fe1;26;E8;4;3;9;6;6,39;1,23878;7,9629;23,38746;0,08277201;10,76625;0,00;0,933306;
165288;Cu;Cu1;29;E11;4;2;2;6;5,34;1,317416;9,57761;27,02795;0,08533315;12,489;0,00;0,985549;
165288;Cu;Cu2;29;E11;4;2;4;6;5,17;1,306233;9,33578;26,51443;0,08602962;11,749;0,04;0,967477;
165288;Mo;Mo1;42;E6;5;6;4;4;4,07;1,295043;9,09791;29,28844;0,09729254;2,819;0,02;0,990998;
165594;Al;Al1;13;E13;3;3;12;6;5,42;1,190039;7,05948;22,13293;0,08425589;9,187;0,05;0,989183;
165961;Ni;Ni1;28;E10;4;3;4;6;5,04;1,22771;7,75132;22,66648;0,08489015;10,53747;0,04;0,864563;
165962;Na;Na1;11;E1;3;1;4;6;6,44;1,481242;13,61339;32,8084;0,08249946;18,51281;0,03;0,854699;
165962;Na;Na2;11;E1;3;1;4;6;6,22;1,478824;13,54685;32,95801;0,08276393;18,29753;0,02;0,880889;
165963;Na;Na1;11;E1;3;1;4;6;6,43;1,482875;13,65846;32,92019;0,08253404;18,55738;0,02;0,859836;
165963;Na;Na2;11;E1;3;1;4;6;6,3;1,478745;13,54467;32,95133;0,08274316;18,30376;0,02;0,880671;
165964;Na;Na1;11;E1;3;1;4;6;6,45;1,482831;13,65725;32,86116;0,08245104;18,61087;0,03;0,851644;
165964;Na;Na2;11;E1;3;1;4;6;6,24;1,481211;13,61255;33,07019;0,08279416;18,36746;0,03;0,88272;
166321;Pb;Pb1;82;E14;6;2;4;9;7,28;1,544993;15,44787;34,58254;0,08045636;37,96948;0,06;0,996849;
166321;Pb;Pb2;82;E14;6;2;6;6;6,61;1,582153;16,58952;35,86707;0,08198339;14,07917;0,19;0,776885;
166322;Pb;Pb1;82;E14;6;2;4;9;7,58;1,525234;14,86272;33,64497;0,08027649;36,5346;0,03;0,993607;
166322;Pb;Pb2;82;E14;6;2;6;8;6,82;1,563262;16,00236;34,96488;0,08164622;32,82858;0,17;0,771326;
166323;Pb;Pb1;82;E14;6;2;4;9;7,58;1,523786;14,82043;33,58105;0,08027639;36,43093;0,03;0,993603;
166323;Pb;Pb2;82;E14;6;2;6;8;6,8;1,561196;15,93901;34,88478;0,08174147;32,73542;0,18;0,770359;
166324;Pb;Pb1;82;E14;6;2;4;9;7,62;1,517145;14,6275;33,28271;0,08026063;35,95807;0,03;0,993189;
166324;Pb;Pb2;82;E14;6;2;6;8;7,02;1,555633;15,7692;34,58123;0,08139505;32,31053;0,16;0,764063;
166325;Pb;Pb1;82;E14;6;2;4;9;7,87;1,511068;14,45241;32,97296;0,08017248;35,54899;0,01;0,989924;
166325;Pb;Pb2;82;E14;6;2;6;8;6,95;1,549036;15,56943;34,30536;0,08154526;31,94295;0,17;0,765126;
166326;Pb;Pb1;82;E14;6;2;4;9;7,73;1,506318;14,31657;32,7914;0,0802192;35,19727;0,02;0,991918;
166326;Pb;Pb2;82;E14;6;2;6;8;7;1,544018;15,41863;34,06843;0,08148541;31,62691;0,16;0,763023;
166327;Pb;Pb1;82;E14;6;2;4;9;7,76;1,500541;14,15247;32,53479;0,08020778;34,79399;0,02;0,991499;
166327;Pb;Pb2;82;E14;6;2;6;8;7,13;1,538858;15,26456;33,80804;0,08127498;31,26454;0,15;0,759813;
166330;Pb;Pb1;82;E14;6;2;4;9;7,72;1,53345;15,10418;33,98191;0,08021672;37,14024;0,02;0,991816;
166330;Pb;Pb2;82;E14;6;2;6;6;6,78;1,571559;16,2585;35,34899;0,08171882;14,05334;0,17;0,772378;
166451;Li;Li1;3;E1;2;1;4;5;4,6;1,379207;10,98948;30,09451;0,0887357;7,26675;0,08;0,989044;
166451;Sc;Sc1;21;E3;4;3;2;6;5,92;1,30248;9,25555;26,40214;0,08387202;12,08213;0,00;0,997645;
166902;Fe;Fe1;26;E8;4;3;2;6;5,77;1,235927;7,90802;23,84701;0,08357574;10,46918;0,00;0,999961;
166902;Fe;Fe2;26;E8;4;3;4;6;5,64;1,234422;7,87915;23,63203;0,08333626;10,49124;0,01;0,98739;
166904;Fe;Fe1;26;E8;4;3;1;6;5,76;1,2398;7,98259;23,97892;0,0835148;10,59286;0,00;0,999475;
166904;Fe;Fe2;26;E8;4;3;2;6;5,58;1,235119;7,8925;23,65126;0,08333255;10,51716;0,01;0,986717;
167330;Sb;Sb1;51;E15;5;3;4;6;6,26;1,443039;12,58701;30,03307;0,08783649;9,12766;0,34;0,914849;
168004;Pb;Pb1;82;E14;6;2;3;8;6,84;1,615596;17,66393;37,99075;0,08432879;33,268;0,21;0,993805;
168004;Zn;Zn1;30;E12;4;2;3;4;4,6;1,384893;11,12596;31,14764;0,09102695;3,635;0,03;0,994928;
168363;Ge;Ge1;32;E14;4;4;2;4;4,23;1,2688;8,55595;27,31568;0,0948813;2,68515;0,05;0,976706;
168389;Sb;Sb1;51;E15;5;3;4;6;5,97;1,203508;7,30189;22,58753;0,08336985;9,72338;0,00;1;
168389;Ge;Ge1;32;E14;4;4;8;4;4,26;1,266058;8,5006;27,10451;0,09401075;2,737;0,04;0,975214;
168389;Ge;Ge2;32;E14;4;4;8;4;4,32;1,250895;8,19882;25,8011;0,09136238;2,73;0,03;0,95542;
168389;Ge;Ge3;32;E14;4;4;8;5;4,71;1,223393;7,66984;24,33157;0,09055502;5,168;0,04;0,942218;
168389;Ge;Ge4;32;E14;4;4;8;5;4,7;1,227249;7,7426;24,75399;0,09125287;5,196;0,04;0,950429;
168568;Na;Na1;11;E1;3;1;1;6;7,32;1,517789;14,64613;33,43955;0,08238658;20,1933;0,00;0,836948;
168568;Na;Na2;11;E1;3;1;2;6;5,73;1,503188;14,22751;34,43614;0,0832924;18,71315;0,05;0,945883;
168568;Na;Na3;11;E1;3;1;2;7;6;1,521945;14,76676;34,36388;0,08347526;22,80406;0,05;0,981604;
168569;Na;Na1;11;E1;3;1;1;6;7,36;1,51702;14,62387;33,43072;0,08247298;20,19341;0,00;0,829594;
168569;Na;Na2;11;E1;3;1;2;6;5,78;1,498896;14,10596;34,19371;0,08328678;18,74403;0,06;0,91206;
168569;Na;Na3;11;E1;3;1;2;7;6,12;1,520902;14,73643;34,26973;0,08334753;22,77162;0,05;0,975114;
169957;Al;Al1;13;E13;3;3;2;6;6,05;1,166989;6,65716;21,15075;0,08335596;8,85619;0,00;0,99118;
169957;Fe;Fe1;26;E8;4;3;2;6;6;1,242518;8,0352;24,08335;0,08342362;10,67841;0,00;1;
169957;Fe;Fe2;26;E8;4;3;4;6;5,84;1,233949;7,87009;23,76641;0,08354127;10,39536;0,01;0,999161;
169958;Al;Al1;13;E13;3;3;2;6;6,06;1,166161;6,643;21,10554;0,08333932;8,84;0,00;0,989656;
169958;Fe;Fe1;26;E8;4;3;2;6;6;1,243214;8,04871;24,11052;0,08342453;10,69586;0,00;1;
169958;Fe;Fe2;26;E8;4;3;4;6;5,84;1,23179;7,82886;23,68868;0,08354282;10,34033;0,01;0,999612;
169959;Al;Al1;13;E13;3;3;4;6;5,98;1,166472;6,64832;21,07987;0,08325317;8,86564;0,00;0,985266;
169959;Fe;Fe1;26;E8;4;3;2;6;6;1,233131;7,85445;23,72109;0,08342737;10,43801;0,00;1;
169959;Fe;Fe2;26;E8;4;3;2;6;6;1,242928;8,04315;24,1153;0,08353062;10,64416;0,00;1;
170016;Ni;Ni1;28;E10;4;2;2;6;6,17;1,265007;8,47945;24,42713;0,08282942;11,39497;0,00;0,964327;
170016;Ni;Ni2;28;E10;4;2;2;6;6,12;1,268822;8,55639;24,69724;0,08298335;11,45657;0,00;0,971393;
170109;Sm;Sm1;62;Ln;6;3;2;8;7,47;1,41643;11,90349;29,36341;0,08107824;25,25773;0,03;0,98868;
170756;Y;Y1;39;E3;5;3;4;8;7,14;1,377901;10,95828;27,92171;0,08169838;22,64381;0,02;0,996615;
171023;Al;Al1;13;E13;3;3;8;6;6,26;1,173305;6,76584;20,88514;0,08293245;9,11329;0,04;0,922214;
171195;K;K1;19;E1;4;1;4;9;8,82;1,695271;20,40827;40,51628;0,08127586;49,3551;0,06;0,840597;
171195;Mg;Mg1;12;E2;3;2;4;6;5,88;1,290944;9,01179;25,59902;0,08308584;12,09802;0,01;0,944583;
171267;K;K1;19;E1;4;1;8;8;6,45;1,779339;23,59743;45,57825;0,0831061;37,61379;0,11;0,897034;
171437;Cu;Cu1;29;E11;4;2;4;6;4,63;1,262621;8,43156;24,45703;0,08512026;11,179;0,05;0,93363;
171437;Cu;Cu2;29;E11;4;2;4;6;5,23;1,276355;8,70969;25,00298;0,08478092;11,49;0,10;0,953415;
171437;Cu;Cu3;29;E11;4;2;4;6;5,72;1,313689;9,49656;25,83997;0,08288585;12,976;0,01;0,857805;
171437;Cu;Cu4;29;E11;4;2;4;6;7,08;1,316309;9,55348;25,2834;0,08249338;13,514;0,08;0,705618;
171631;Cu;Cu1;29;E11;4;2;1;4;5,08;1,35537;10,42946;29,03411;0,08821368;0;0,00;0,999046;
171631;Cu;Cu2;29;E11;4;2;2;4;4,86;1,387234;11,18246;29,86197;0,09250536;0,274;0,16;0,968344;
171631;Na;Na1;11;E1;3;1;2;7;5,92;1,496264;14,03181;33,34099;0,08352137;21,124;0,05;0,959514;
171632;Cu;Cu1;29;E11;4;2;1;4;4,12;1,225581;7,71107;25,89083;0,09583985;0;0,02;0,996719;
171632;Cu;Cu2;29;E11;4;2;2;4;5,08;1,353599;10,38863;28,90696;0,0879836;0,293;0,00;0,998238;
171632;Na;Na1;11;E1;3;1;2;7;6;1,491546;13,89949;33,07536;0,08341285;20,727;0,05;0,957821;
171799;Ca;Ca1;20;E2;4;2;4;7;4,13;1,255372;8,28717;27,13932;0,09688691;18,941;0,10;1;
171799;Ti;Ti1;22;E4;4;4;4;6;6,5;1,470512;13,31968;31,52102;0,08295767;10,07303;0,08;1;
171880;Dy;Dy1;66;Ln;6;3;2;8;6,78;1,414914;11,86531;29,69756;0,08200768;24,062;0,02;1;
171880;Dy;Dy2;66;Ln;6;3;2;9;7,29;1,429732;12,24202;29,83893;0,08298779;31,215;0,10;1;
171880;Dy;Dy3;66;Ln;6;3;2;8;6,5;1,414871;11,86422;29,44408;0,08209544;24,717;0,10;1;
171880;Dy;Dy4;66;Ln;6;3;2;9;5,98;1,424519;12,10859;30,3012;0,08312181;30,112;0,04;1;
171880;Dy;Dy5;66;Ln;6;3;2;8;6,26;1,40353;11,58119;29,20909;0,08164131;23,949;0,02;1;
171880;Dy;Dy6;66;Ln;6;3;2;8;6,95;1,415694;11,88494;29,44732;0,08200035;24,215;0,07;1;
172363;Gd;Gd1;64;Ln;6;3;2;9;7,48;1,401143;11,52222;28,42749;0,08027112;29,21419;0,04;1;
172385;Co;Co3;27;E9;4;2;2;6;5,27;1,224714;7,69471;23,0466;0,08406463;10,2105;0,00;0,960816;
172385;Co;Co1;27;E9;4;2;4;6;3,97;1,352423;10,36159;27,49091;0,08615775;13,953;0,18;0,839707;
172385;Co;Co2;27;E9;4;2;4;5;4,66;1,219198;7,59121;22,61251;0,08562525;5,213;0,09;0,758092;
172422;Mn;Mn1;25;E7;4;4;8;6;5,74;1,186339;6,99384;22,04913;0,0841851;9,055;0,04;1;
172422;Mn;Mn2;25;E7;4;3;8;6;5,19;1,249409;8,16964;24,47299;0,08431485;10,672;0,03;1;
172422;Mn;Mn3;25;E7;4;3;8;6;5,57;1,250328;8,18768;24,47869;0,08444349;10,759;0,03;1;
172566;Sm;Sm1;62;Ln;6;3;4;10;7,2;1,430977;12,27401;29,1979;0,07966905;34,16315;0,01;0,989971;
172583;Ti;Ti1;22;E4;4;4;4;6;4,45;1,229992;7,79463;23,99253;0,08521685;9,98554;0,03;0,998054;
172583;Li;Li1;3;E1;2;1;4;6;5,45;1,337688;10,02658;27,97369;0,08670516;11,711;0,00;0,994441;
172808;Nd;Nd1;60;Ln;6;3;2;9;5,99;1,460847;13,0588;30,97686;0,08115142;32,58715;0,06;0,999986;
172808;Ti;Ti1;22;E4;4;4;2;5;4,49;1,241753;8,02037;24,70936;0,08709876;5,24048;0,02;0,992456;
172985;K;K1;19;E1;4;1;1;12;8,55;1,689019;20,18329;40,17001;0,08015236;67,75455;0,00;0,978123;
172989;Rb;Rb1;37;E1;5;1;1;12;8,42;1,738231;21,99942;42,72256;0,08013985;72,31081;0,00;0,990513;
173806;K;K1;19;E1;4;1;4;8;8,76;1,677457;19,77164;40,55429;0,0806508;40,56211;0,00;0,829022;
173807;K;K1;19;E1;4;1;4;8;10,37;1,659993;19,16054;39,43343;0,0801839;40,4921;0,00;0,733683;
174300;Tl;Tl1;81;E13;6;1;4;8;7,4;1,765451;23,0492;44,1495;0,08119972;45,96104;0,08;0,76842;
180793;Al;Al1;13;E13;3;3;4;4;4,03;1,246;8,10294;27,0705;0,09775121;2,49768;0,03;0,961103;
183130;Gd;Gd1;64;Ln;6;3;4;10;6,91;1,419919;11,99165;28,77539;0,07971994;33,32586;0,02;0,988614;
183435;Ga;Ga1;31;E13;4;3;2;4;4,38;1,312271;9,46583;28,37533;0,09184159;3,107;0,02;0,959098;
183436;Ga;Ga1;31;E13;4;3;2;4;4,4;1,314186;9,50735;28,40749;0,09166266;3,126;0,02;0,960054;
183816;U;U1;92;An;7;6;6;8;4,52;1,307899;9,37154;25,8497;0,08380599;18,31907;0,00;1;
183822;Zr;Zr1;40;E4;5;4;12;6;5,57;1,255901;8,29764;24,67549;0,08370574;10,92241;0,02;1;
183822;Na;Na1;11;E1;3;1;6;6;7,01;1,651383;18,86392;40,70247;0,08756984;17,181;0,00;1;
184612;Pb;Pb1;82;E14;6;2;3;10;8,04;1,611563;17,53196;36,7255;0,08419399;47,77458;0,29;0,966488;
184612;Pt;Pt1;78;E10;6;4;3;6;5,91;1,239421;7,97526;23,95716;0,08337857;10,61856;0,01;1;
187004;K;K1;19;E1;4;1;4;8;8,67;1,669693;19,49838;40,224;0,08065215;40,07716;0,00;0,85557;
187005;K;K1;19;E1;4;1;4;8;8,7;1,653808;18,94714;39,46012;0,08059198;39,03019;0,00;0,852563;
187007;K;K1;19;E1;4;1;4;8;8,69;1,641645;18,53218;38,88186;0,08054216;38,32523;0,00;0,851605;
187009;K;K1;19;E1;4;1;4;8;8,65;1,639461;18,4583;38,77307;0,08055814;38,10743;0,00;0,850197;
187010;K;K1;19;E1;4;1;4;8;8,68;1,643643;18,59992;38,96727;0,0806095;38,25077;0,00;0,84976;
187011;K;K1;19;E1;4;1;4;8;8,62;1,63498;18,30736;38,5653;0,08055833;37,81743;0,00;0,852259;
187012;K;K1;19;E1;4;1;4;8;8,68;1,625682;17,99679;38,12962;0,08053372;37,26706;0,00;0,854325;
187760;K;K1;19;E1;4;1;2;8;9,29;1,732663;21,78869;42,98846;0,08104366;38,91283;0,00;0,861027;
187760;Sr;Sr1;38;E2;5;2;8;7;7,53;1,522167;14,77322;33,61126;0,082358;23,36975;0,10;0,800693;
188087;Al;Al1;13;E13;3;3;4;6;5,52;1,185433;6,97781;21,79331;0,0839481;9,10428;0,02;0,97467;
188087;Al;Al2;13;E13;3;3;4;6;5,46;1,184056;6,95352;21,84799;0,08408298;9,08133;0,01;0,986417;
188087;Al;Al3;13;E13;3;3;4;6;5,74;1,186299;6,99311;21,72333;0,08360055;9,12932;0,02;0,966222;
188087;Na;Na1;11;E1;3;1;4;9;7,55;1,521643;14,75799;32,85568;0,08123645;33,55653;0,09;0,884749;
188681;Co;Co1;27;E9;4;2;4;6;5,97;1,289441;8,98035;25,29765;0,08278703;12,10728;0,01;0,929543;
189146;Bi;Bi1;83;E15;6;3;16;5;5,8;1,53233;15,07112;34,43198;0,08871899;7,68934;0,34;0,829342;
189146;Fe;Fe1;26;E8;4;3;8;6;5,7;1,253338;8,24694;24,56918;0,08381111;10,81557;0,00;1;
189146;Fe;Fe2;26;E8;4;3;8;4;4,03;1,367806;10,71919;31,80358;0,09502953;3,4089;0,04;0,984238;
189146;Fe;Fe3;26;E8;4;3;4;6;5,92;1,265509;8,48954;25,22322;0,08482587;10,55355;0,00;1;
190655;Zr;Zr2;40;E4;5;4;4;6;5,54;1,294182;9,07977;26,56076;0,08648193;10,82194;0,06;1;
190655;Li;Li1;3;E1;2;1;4;2;4,12;1,516317;14,60356;34,69026;0,10053976;0;0,46;0,904711;
190655;Zr;Zr1;40;E4;5;4;4;6;5,1;1,355989;10,44376;28,6964;0,08813738;13,307;0,21;0,938266;
190657;Zr;Zr1;40;E4;5;4;12;6;5,31;1,259756;8,37428;24,9848;0,08438346;10,71553;0,01;1;
190657;Li;Li1;3;E1;2;1;6;6;6,28;1,510791;14,44448;36,03444;0,09007315;13,646;0,00;1;
194797;K;K1;19;E1;4;1;6;6;8,07;1,680955;19,89558;40,91259;0,08465695;17,589;0,00;1;
194797;Zr;Zr1;40;E4;5;4;12;6;5,65;1,33876;10,05072;28,16055;0,08456444;12,76305;0,06;1;
194799;Rb;Rb1;37;E1;5;1;6;12;9,58;1,800764;24,46013;46,06965;0,08197424;75,676;0,00;0,998862;
194799;Zr;Zr1;40;E4;5;4;12;6;6;1,283894;8,86494;25,75516;0,08388462;11,62885;0,06;1;
194801;Zr;Zr1;40;E4;5;4;12;6;5,98;1,286797;8,92522;25,91358;0,0840869;11,56323;0,05;1;
194801;Cs;Cs1;55;E1;6;1;6;12;10,83;1,825789;25,49413;46,93139;0,08064312;78,623;0,00;0,998571;
195409;Al;Al1;13;E13;3;3;1;6;6;1,184555;6,96233;21,9423;0,08372663;9,08941;0,00;1;
195409;Pb;Pb1;82;E14;6;2;2;3;5,56;1,756205;22,68893;44,00531;0,08800976;0;0,43;0,614879;
196171;Sc;Sc1;21;E3;4;3;6;6;6;1,27954;8,77507;25,53947;0,08342244;11,66344;0,00;1;
196433;Mg;Mg1;12;E2;3;2;8;6;4,51;1,218356;7,5755;23,03992;0,08818291;8,561;0,17;0,999942;
196433;Mg;Mg2;12;E2;3;2;8;7;4,89;1,427605;12,18746;31,28462;0,09213457;20,27;0,28;0,917215;
196434;Mg;Mg1;12;E2;3;2;8;7;4,55;1,218744;7,58274;23,05599;0,0880781;12,206;0,16;0,999977;
196434;Mg;Mg2;12;E2;3;2;8;7;4,91;1,431082;12,27671;31,43995;0,09211079;20,399;0,28;0,917272;
196435;Mg;Mg1;12;E2;3;2;8;6;5,67;1,296606;9,13089;26,07333;0,08373417;11,948;0,03;0,999992;
196435;Mg;Mg2;12;E2;3;2;8;6;5,12;1,346167;10,21845;28,15016;0,08675023;12,328;0,13;0,999992;
196436;Mg;Mg1;12;E2;3;2;4;6;5,46;1,29769;9,1538;26,2417;0,08400627;11,926;0,03;0,999699;
196436;Mg;Mg2;12;E2;3;2;4;6;5,34;1,342517;10,13557;28,12119;0,08665909;12,196;0,13;0,999882;
196437;Mg;Mg1;12;E2;3;2;4;6;5,44;1,299874;9,2001;26,32475;0,08397834;12,001;0,03;0,999667;
196437;Mg;Mg2;12;E2;3;2;4;6;5,33;1,344038;10,17005;28,18139;0,08663765;12,251;0,13;0,999843;
196438;Mg;Mg1;12;E2;3;2;4;6;5,33;1,297283;9,1452;26,19299;0,08424416;11,951;0,01;1;
196438;Mg;Mg2;12;E2;3;2;4;6;5,07;1,322574;9,69054;26,91086;0,08524866;12,533;0,11;1;
200515;Rb;Rb1;37;E1;5;1;4;8;9,53;1,748543;22,39325;43,81193;0,08063998;45,62608;0,00;0,738595;
200812;Zn;Zn1;30;E12;4;2;2;6;6,14;1,296545;9,1296;25,68126;0,0829724;12,26018;0,00;0,941869;
200812;Na;Na1;11;E1;3;1;4;6;5,79;1,512966;14,50696;33,94897;0,08409855;18,122;0,13;0,865387;
200888;Rb;Rb1;37;E1;5;1;4;8;8,29;1,761855;22,90865;44,55357;0,08080081;45,72086;0,00;0,864262;
200889;Rb;Rb1;37;E1;5;1;4;8;8,28;1,748434;22,38908;43,88111;0,0807369;44,94952;0,00;0,866038;
201118;K;K1;19;E1;4;1;4;8;8,08;1,657024;19,05791;39,48821;0,08058273;38,95681;0,00;0,881312;
201119;K;K1;19;E1;4;1;4;8;8,24;1,679645;19,8491;40,57216;0,08065892;40,5029;0,00;0,883676;
201166;Cs;Cs1;55;E1;6;1;4;8;8,04;1,865361;27,18799;50,06797;0,08087506;54,20582;0,00;0,865521;
201167;Cs;Cs1;55;E1;6;1;4;8;8,02;1,864252;27,13955;50,02441;0,08088889;54,10357;0,00;0,867454;
201370;K;K1;19;E1;4;1;4;8;8,22;1,66626;19,37835;39,95471;0,0806494;39,68568;0,00;0,889002;
201371;K;K1;19;E1;4;1;4;8;8,24;1,67769;19,77989;40,49131;0,08066507;40,38987;0,00;0,885865;
201372;K;K1;19;E1;4;1;4;8;8,52;1,669664;19,49737;40,09248;0,08055488;40,0986;0,00;0,862959;
201373;K;K1;19;E1;4;1;4;8;8,53;1,680212;19,86924;40,59498;0,08058669;40,73136;0,00;0,860388;
201374;K;K1;19;E1;4;1;4;8;8,26;1,676878;19,75119;40,44052;0,08064352;40,36469;0,00;0,884548;
201375;K;K1;19;E1;4;1;4;8;8,11;1,638526;18,42675;38,63342;0,08057129;37,89753;0,00;0,889512;
201376;K;K1;19;E1;4;1;4;8;8,53;1,673479;19,63132;40,28268;0,08057055;40,32674;0,00;0,86375;
201377;K;K1;19;E1;4;1;4;8;8,39;1,634782;18,30071;38,4322;0,08046746;37,85745;0,00;0,867963;
202419;Pb;Pb1;82;E14;6;2;2;6;7,29;1,588965;16,80472;36,34169;0,08494103;16,8496;0,30;0,88216;
202556;K;K1;19;E1;4;1;4;8;8,24;1,677611;19,7771;40,48706;0,08066389;40,38656;0,00;0,885823;
203212;Mg;Mg1;12;E2;3;2;1;6;6,24;1,307332;9,35936;26,32898;0,08393168;11,95982;0,00;0,961938;
203213;Mg;Mg1;12;E2;3;2;1;6;6,24;1,305088;9,31125;26,23657;0,08396409;11,87752;0,00;0,961501;
230262;Al;Al1;13;E13;3;3;16;6;6,32;1,186268;6,99258;21,52124;0,08310151;9,2647;0,00;0,949213;
230262;Ca;Ca1;20;E2;4;2;24;8;7,82;1,46506;13,17209;31,26873;0,08140987;26,046;0,00;0,934685;
230263;Al;Al1;13;E13;3;3;16;6;6,31;1,18609;6,98943;21,52774;0,08314742;9,24832;0,00;0,951268;
230263;Ca;Ca1;20;E2;4;2;24;8;7,84;1,459903;13,03349;31,03514;0,08138661;25,4791;0,00;0,931968;
230264;Al;Al1;13;E13;3;3;16;6;6,28;1,186021;6,9882;21,55478;0,0831933;9,24064;0,00;0,955168;
230264;Ca;Ca1;20;E2;4;2;24;8;7,84;1,459333;13,01823;31,01739;0,08138418;25,76;0,00;0,93055;
237517;Ba;Ba1;56;E2;6;2;4;12;10,36;1,617204;17,71672;36,36041;0,07917989;62,83465;0,07;0,998933;
237517;Ba;Ba2;56;E2;6;2;4;10;7,87;1,652446;18,90038;38,00695;0,0799558;47,49584;0,09;0,946385;
237517;Ta;Ta1;73;E5;6;5;4;7;4,67;1,241298;8,01155;23,44567;0,08253757;13,77642;0,04;1;
237770;Mn;Mn1;25;E7;4;2;3;4;4,56;1,456685;12,94749;33,62727;0,09158659;4,15786;0,14;0,982842;
237770;Mn;Mn2;25;E7;4;2;3;4;4,54;1,470531;13,32021;34,73692;0,0930449;3,96339;0,08;0,962742;
237770;Mn;Mn3;25;E7;4;2;3;4;4,53;1,400023;11,49461;31,60723;0,08970246;3,9482;0,07;0,993237;
237770;Mn;Mn4;25;E7;4;2;3;4;4,49;1,455145;12,90647;34,33043;0,09133978;4,19642;0,15;0,994086;
237770;Mn;Mn5;25;E7;4;2;3;4;4,5;1,410909;11,76483;31,94345;0,08975061;3,92744;0,06;0,997692;
237770;Mn;Mn6;25;E7;4;2;3;4;4,22;1,439216;12,48723;33,47366;0,09191575;3,99317;0,10;0,979531;
237770;Mn;Mn7;25;E7;4;2;3;4;4,71;1,409373;11,72645;31,93495;0,08862422;4,20076;0,09;0,998288;
237770;Pb;Pb1;82;E14;6;2;3;8;6,99;1,635628;18,32915;38,80395;0,08622316;35,81755;0,32;0,983729;
237770;Pb;Pb2;82;E14;6;2;3;9;5,65;1,693961;20,36098;41,79761;0,08429658;45,26466;0,17;0,964911;
237770;Pb;Pb3;82;E14;6;2;3;8;5,99;1,594839;16,99179;37,12336;0,08486441;32,16655;0,25;0,999154;
237770;Pb;Pb4;82;E14;6;2;3;8;6,05;1,651536;18,86918;39,86716;0,0857602;32,0168;0,26;0,994087;
237770;Pb;Pb5;82;E14;6;2;3;8;6,24;1,587471;16,75737;37,09783;0,08539482;33,46675;0,27;1;
237770;Pb;Pb6;82;E14;6;2;3;8;6,62;1,668059;19,4412;40,02235;0,08582698;36,5746;0,31;0,978816;
237770;Pb;Pb7;82;E14;6;2;3;9;6,09;1,649981;18,81591;39,81329;0,08423918;41,25082;0,22;0,998412;
237771;Mn;Mn1;25;E7;4;2;3;4;4,56;1,456685;12,94749;33,62727;0,09158659;4,15786;0,14;0,982842;
237771;Mn;Mn2;25;E7;4;2;3;4;4,54;1,470531;13,32021;34,73692;0,0930449;3,96339;0,08;0,962742;
237771;Mn;Mn3;25;E7;4;2;3;4;4,53;1,400023;11,49461;31,60723;0,08970246;3,9482;0,07;0,993237;
237771;Mn;Mn4;25;E7;4;2;3;4;4,49;1,455145;12,90647;34,33043;0,09133978;4,19642;0,15;0,994086;
237771;Mn;Mn5;25;E7;4;2;3;4;4,5;1,410909;11,76483;31,94345;0,08975061;3,92744;0,06;0,997692;
237771;Mn;Mn6;25;E7;4;2;3;4;4,22;1,439216;12,48723;33,47366;0,09191575;3,99317;0,10;0,979531;
237771;Mn;Mn7;25;E7;4;2;3;4;4,71;1,409373;11,72645;31,93495;0,08862422;4,20076;0,09;0,998288;
237771;Pb;Pb1;82;E14;6;2;3;8;6,99;1,635628;18,32915;38,80395;0,08622316;35,81755;0,32;0,983729;
237771;Pb;Pb2;82;E14;6;2;3;9;5,65;1,693961;20,36098;41,79761;0,08429658;45,26466;0,17;0,964911;
237771;Pb;Pb3;82;E14;6;2;3;8;5,99;1,594839;16,99179;37,12336;0,08486441;32,16655;0,25;0,999154;
237771;Pb;Pb4;82;E14;6;2;3;8;6,05;1,651536;18,86918;39,86716;0,0857602;32,0168;0,26;0,994087;
237771;Pb;Pb5;82;E14;6;2;3;8;6,24;1,587471;16,75737;37,09783;0,08539482;33,46675;0,27;1;
237771;Pb;Pb6;82;E14;6;2;3;8;6,62;1,668059;19,4412;40,02235;0,08582698;36,5746;0,31;0,978816;
237771;Pb;Pb7;82;E14;6;2;3;9;6,09;1,649981;18,81591;39,81329;0,08423918;41,25082;0,22;0,998412;
237772;Mn;Mn1;25;E7;4;2;3;4;4,56;1,456685;12,94749;33,62727;0,09158659;4,15786;0,14;0,982842;
237772;Mn;Mn2;25;E7;4;2;3;4;4,54;1,470531;13,32021;34,73692;0,0930449;3,96339;0,08;0,962742;
237772;Mn;Mn3;25;E7;4;2;3;4;4,53;1,400023;11,49461;31,60723;0,08970246;3,9482;0,07;0,993237;
237772;Mn;Mn4;25;E7;4;2;3;4;4,49;1,455145;12,90647;34,33043;0,09133978;4,19642;0,15;0,994086;
237772;Mn;Mn5;25;E7;4;2;3;4;4,5;1,410909;11,76483;31,94345;0,08975061;3,92744;0,06;0,997692;
237772;Mn;Mn6;25;E7;4;2;3;4;4,22;1,439216;12,48723;33,47366;0,09191575;3,99317;0,10;0,979531;
237772;Mn;Mn7;25;E7;4;2;3;4;4,71;1,409373;11,72645;31,93495;0,08862422;4,20076;0,09;0,998288;
237772;Pb;Pb1;82;E14;6;2;3;8;6,99;1,635628;18,32915;38,80395;0,08622316;35,81755;0,32;0,983729;
237772;Pb;Pb2;82;E14;6;2;3;9;5,65;1,693961;20,36098;41,79761;0,08429658;45,26466;0,17;0,964911;
237772;Pb;Pb3;82;E14;6;2;3;8;5,99;1,594839;16,99179;37,12336;0,08486441;32,16655;0,25;0,999154;
237772;Pb;Pb4;82;E14;6;2;3;8;6,05;1,651536;18,86918;39,86716;0,0857602;32,0168;0,26;0,994087;
237772;Pb;Pb5;82;E14;6;2;3;8;6,24;1,587471;16,75737;37,09783;0,08539482;33,46675;0,27;1;
237772;Pb;Pb6;82;E14;6;2;3;8;6,62;1,668059;19,4412;40,02235;0,08582698;36,5746;0,31;0,978816;
237772;Pb;Pb7;82;E14;6;2;3;9;6,09;1,649981;18,81591;39,81329;0,08423918;41,25082;0,22;0,998412;
237783;Cr;Cr1;24;E6;4;5;2;8;7,58;1,150726;6,3827;20,0743;0,08301869;11,13022;0,00;1;
239047;Ca;Ca1;20;E2;4;2;4;6;6,2;1,466851;13,22047;32,36087;0,08335195;16,98738;0,07;0,980824;
239047;Ca;Ca2;20;E2;4;2;2;6;6,04;1,438984;12,4812;31,43056;0,08320154;16,12974;0,00;0,938624;
239794;Sc;Sc1;21;E3;4;3;8;6;5,88;1,299926;9,20119;26,36395;0,08358391;12,13945;0,03;0,99902;
239794;Li;Li1;3;E1;2;1;8;4;4,86;1,455254;12,90936;34,1711;0,09677879;3,464;0,11;0,99902;
240473;Zn;Zn1;30;E12;4;2;36;4;4,29;1,401483;11,53061;32,6976;0,0936946;3,82075;0,07;0,923779;
240491;Fe;Fe1;26;E8;4;3;4;6;4,91;1,272751;8,63614;25,33024;0,08516768;10,796;0,05;1;
240491;Fe;Fe2;26;E8;4;3;4;6;5,12;1,260758;8,39429;25,02711;0,08524275;10,595;0,05;1;
240896;Nd;Nd1;60;Ln;6;3;4;10;7,21;1,442175;12,56442;29,66254;0,07965375;34,94009;0,01;0,991976;
240977;Na;Na1;11;E1;3;1;2;6;7,06;1,479051;13,55309;31,9201;0,08262188;16,37478;0,00;0,849367;
241832;Fe;Fe1;26;E8;4;3;6;6;5,29;1,28218;8,82948;25,86901;0,0846864;11,34979;0,05;0,998517;
241832;In;In1;49;E13;5;3;6;6;5,32;1,374077;10,8673;28,84892;0,08636278;12,73114;0,15;0,998517;
241833;Fe;Fe1;26;E8;4;3;6;6;5,35;1,273006;8,64131;25,45465;0,08437652;11,20085;0,04;0,998545;
241833;In;In1;49;E13;5;3;6;6;5,31;1,373603;10,85605;28,73229;0,08617913;12,68615;0,14;0,998545;
241834;Fe;Fe1;26;E8;4;3;6;6;5,28;1,273724;8,65595;25,54913;0,08477682;11,09026;0,05;0,998873;
241834;In;In1;49;E13;5;3;6;6;5,44;1,376473;10,92426;28,79052;0,08638163;12,67088;0,16;0,998873;
241866;Ge;Ge1;32;E14;4;4;6;4;4,2;1,253835;8,25676;27,12669;0,09506448;2,63531;0,02;0,998065;
241866;Ge;Ge2;32;E14;4;4;2;6;6;1,161031;6,55571;21,02155;0,08337091;8,72863;0,00;1;
241866;Li;Li1;3;E1;2;1;3;4;5,15;1,369374;10,75611;29,2508;0,08842907;0;0,00;0,997668;
241866;Rb;Rb1;37;E1;5;1;1;6;7,03;1,847376;26,40914;49,86148;0,0819431;36,46725;0,00;0,990244;
242125;Mg;Mg1;12;E2;3;2;4;6;5,99;1,274342;8,66855;24,9808;0,08307992;11,61477;0,00;0,964666;
242125;Na;Na1;11;E1;3;1;4;6;5,91;1,449119;12,74679;33,13045;0,08546058;15,42975;0,02;0,997578;
242125;U;U1;92;An;7;6;8;8;4,58;1,309231;9,4002;25,85713;0,08348477;18,47876;0,01;1;
242125;U;U2;92;An;7;6;4;8;4,59;1,305717;9,32473;25,72485;0,08354842;18,26961;0,00;1;
242127;Co;Co1;27;E9;4;2;4;6;6,26;1,280494;8,79471;24,68652;0,08240496;12,02577;0,00;0,88855;
242127;Na;Na1;11;E1;3;1;4;6;5,9;1,462816;13,11168;33,87355;0,08556328;15,83453;0,01;0,999977;
242127;U;U1;92;An;7;6;8;8;4,54;1,306788;9,34769;25,78467;0,08365533;18,35332;0,00;1;
242127;U;U2;92;An;7;6;4;8;4,54;1,304081;9,28971;25,68774;0,08374044;18,17806;0,00;1;
242128;Na;Na1;11;E1;3;1;4;6;5,92;1,45998;13,03556;33,7199;0,08543864;15,80439;0,02;1;
242128;Ni;Ni1;28;E10;4;2;4;6;6,34;1,264547;8,4702;24,34867;0,08274211;11,42867;0,00;0,931733;
242128;U;U1;92;An;7;6;8;8;4,55;1,307834;9,37015;25,82366;0,08363329;18,38878;0,00;1;
242128;U;U2;92;An;7;6;4;8;4,57;1,308179;9,37758;25,83656;0,08363121;18,33917;0,00;1;
242129;Na;Na1;11;E1;3;1;4;6;5,92;1,461414;13,07399;33,77195;0,08549509;15,82012;0,02;0,999394;
242129;U;U1;92;An;7;6;8;8;4,54;1,308378;9,38184;25,8475;0,08364956;18,40963;0,00;1;
242129;U;U2;92;An;7;6;4;8;4,55;1,305861;9,3278;25,75109;0,08369128;18,25279;0,00;1;
242129;Zn;Zn1;30;E12;4;2;4;6;6,46;1,282952;8,84545;24,84119;0,0825512;12,00416;0,00;0,903096;
243434;Mg;Mg1;12;E2;3;2;4;6;5,76;1,284506;8,87764;25,49431;0,08324489;11,84059;0,01;0,976081;
243441;Mg;Mg1;12;E2;3;2;4;6;5,74;1,285906;8,90669;25,46071;0,08305154;11,93046;0,01;0,962186;
243622;Th;Th1;90;An;7;4;4;8;6,7;1,41073;11,76034;29,40944;0,08169906;24,494;0,01;1;
243652;U;U1;92;An;7;6;4;7;4,58;1,292106;9,03613;25,4787;0,08371777;15,73482;0,01;1;
243754;Pr;Pr1;59;Ln;6;3;4;9;8,6;1,42143;12,02998;28,71402;0,07948075;31,25852;0,00;0,942659;
243754;Pr;Pr2;59;Ln;6;3;4;9;9,02;1,41261;11,80742;28,1117;0,07921632;30,93762;0,00;0,891004;
243961;Rb;Rb1;37;E1;5;1;4;8;6,89;1,74911;22,41506;43,77522;0,08097132;42,16216;0,02;0,863415;
244009;Li;Li1;3;E1;2;1;4;5;4,73;1,357465;10,47791;28,76794;0,08864549;6,94908;0,09;0,965896;
244009;V;V1;23;E5;4;3;2;6;5,85;1,248347;8,14881;24,30124;0,08375062;10,70482;0,00;0,997903;
244137;Co;Co1;27;E9;4;2;4;6;6,25;1,302598;9,25806;25,84073;0,08289574;12,41374;0,00;0,955589;
244139;Co;Co1;27;E9;4;2;4;6;6,26;1,302179;9,24912;25,82361;0,0829128;12,39563;0,00;0,955218;
244248;Al;Al1;13;E13;3;3;4;6;5,9;1,174569;6,78772;21,50379;0,08335034;9,04704;0,00;0,999624;
245581;Ca;Ca1;20;E2;4;2;1;6;6,87;1,470789;13,32723;32,43008;0,08296319;17,1953;0,00;0,873887;
245582;Ca;Ca1;20;E2;4;2;1;6;6,89;1,47058;13,32153;32,4295;0,08293224;17,20123;0,00;0,870892;
245583;Ca;Ca1;20;E2;4;2;1;6;6,91;1,470537;13,32039;32,42889;0,08290566;17,21285;0,00;0,868654;
245584;Ca;Ca1;20;E2;4;2;1;6;6,92;1,470707;13,32501;32,44294;0,08288729;17,22973;0,00;0,867052;
245585;Ca;Ca1;20;E2;4;2;1;6;6,93;1,471097;13,3356;32,4627;0,08286837;17,25796;0,00;0,865831;
245586;Ca;Ca1;20;E2;4;2;1;6;6,94;1,471296;13,34101;32,47543;0,08286164;17,26674;0,00;0,86508;
245587;Ca;Ca1;20;E2;4;2;1;6;7,07;1,469216;13,28451;32,34977;0,0827429;17,27031;0,00;0,849175;
245588;Ca;Ca1;20;E2;4;2;1;6;6,97;1,471249;13,33973;32,46721;0,08282371;17,28282;0,00;0,861205;
245589;Ca;Ca1;20;E2;4;2;1;6;6,97;1,471676;13,35134;32,48708;0,08281823;17,30103;0,00;0,86079;
245590;Ca;Ca1;20;E2;4;2;1;6;6,96;1,471945;13,35867;32,50217;0,08282894;17,29783;0,00;0,861517;
245591;Ca;Ca1;20;E2;4;2;1;6;7;1,471568;13,3484;32,45952;0,0827823;17,31069;0,00;0,856553;
245592;Ca;Ca1;20;E2;4;2;1;6;7,03;1,471703;13,35208;32,44678;0,08275666;17,33065;0,00;0,854091;
245789;Cr;Cr1;24;E6;4;3;2;6;5,99;1,223647;7,67463;23,30715;0,08366615;10,08633;0,00;0,992426;
246802;Ca;Ca1;20;E2;4;2;4;8;7,37;1,429921;12,24686;30,11727;0,08104767;26,11557;0,02;0,999811;
248084;Co;Co1;27;E9;4;2;4;6;6,05;1,321132;9,65888;26,26243;0,08297167;12,6568;0,02;0,935352;
248960;Mg;Mg1;12;E2;3;2;1;6;6,23;1,304394;9,29641;26,22107;0,08404586;11,82545;0,00;0,9632;
248977;Mg;Mg1;12;E2;3;2;1;6;6,23;1,302018;9,2457;26,123;0,08407804;11,74;0,00;0,962668;
248979;Mg;Mg1;12;E2;3;2;1;6;6,24;1,300638;9,21632;26,06127;0,08411365;11,6756;0,00;0,961523;
248981;Mg;Mg1;12;E2;3;2;1;6;6,23;1,30369;9,28136;26,19538;0,08402376;11,82161;0,00;0,963692;
248983;Mg;Mg1;12;E2;3;2;1;6;6,24;1,302012;9,24556;26,12011;0,08407034;11,74124;0,00;0,962282;
248985;Mg;Mg1;12;E2;3;2;1;6;6,23;1,302904;9,26459;26,16148;0,08404859;11,78375;0,00;0,963236;
248987;Mg;Mg1;12;E2;3;2;1;6;6,23;1,30177;9,24041;26,11495;0,08409535;11,726;0,00;0,962935;
248989;Mg;Mg1;12;E2;3;2;1;6;6,24;1,301773;9,24048;26,11049;0,08407883;11,72996;0,00;0,962244;
248991;Mg;Mg1;12;E2;3;2;1;6;6,23;1,301878;9,24272;26,11531;0,08407456;11,73586;0,00;0,962352;
248993;Mg;Mg1;12;E2;3;2;1;6;6,24;1,301701;9,23894;26,10783;0,08408105;11,72701;0,00;0,962272;
248995;Mg;Mg1;12;E2;3;2;1;6;6,24;1,301832;9,24173;26,11082;0,08407235;11,73295;0,00;0,961947;
248997;Mg;Mg1;12;E2;3;2;1;6;6,23;1,302127;9,24801;26,12881;0,08408578;11,74013;0,00;0,962861;
248999;Mg;Mg1;12;E2;3;2;1;6;6,23;1,303127;9,26935;26,1686;0,08405005;11,78697;0,00;0,962942;
249121;Tl;Tl1;81;E13;6;1;4;8;7,39;1,768562;23,17125;44,32175;0,08121407;46,25143;0,08;0,769759;
249122;Tl;Tl1;81;E13;6;1;4;8;7,33;1,759254;22,8073;43,84483;0,08121245;45,26383;0,08;0,774572;
249138;Mn;Mn1;25;E7;4;2;4;6;5,73;1,36022;10,54182;28,45331;0,08348383;13,92661;0,04;0,948421;
249332;Co;Co1;27;E9;4;2;4;6;6,47;1,261327;8,40566;23,40362;0,08191322;12,25504;0,06;0,725227;
249332;Mo;Mo1;42;E6;5;6;4;6;4,61;1,216877;7,54795;23,76367;0,08690488;9,49099;0,01;0,999399;
249332;Mo;Mo2;42;E6;5;6;4;6;4,55;1,213164;7,47907;23,39472;0,08582626;9,512;0,04;0,99651;
249332;Mo;Mo3;42;E6;5;6;4;6;4,6;1,205496;7,33814;23,02181;0,08558558;9,38794;0,05;0,995945;
249332;Mo;Mo4;42;E6;5;6;4;6;4,56;1,21295;7,47511;23,50108;0,0859848;9,44508;0,02;0,999997;
249332;Mo;Mo5;42;E6;5;6;4;6;4,5;1,224482;7,69034;24,00933;0,08687931;9,71378;0,04;0,99609;
249332;Mo;Mo6;42;E6;5;6;4;6;4,55;1,210699;7,43357;23,27802;0,08566076;9,48191;0,04;0,997394;
249332;Mo;Mo7;42;E6;5;6;4;6;4,46;1,225298;7,70573;24,11839;0,0872996;9,67256;0,04;0,996825;
249332;Na;Na1;11;E1;3;1;2;6;6,3;1,494804;13,99075;33,87327;0,08462033;17,77903;0,00;0,928508;
249587;Be;Be1;4;E2;2;2;2;4;4,1;1,184401;6,9596;24,61041;0,10083943;2,10758;0,11;0,940803;
249744;Co;Co1;27;E9;4;2;4;6;6,09;1,30691;9,35031;26,34582;0,08339384;12,29926;0,00;0,968872;
249744;Mo;Mo1;42;E6;5;6;4;4;4,05;1,281357;8,81251;28,00611;0,09497696;2,826;0,01;0,976587;
249744;Na;Na1;11;E1;3;1;2;6;6,41;1,531973;15,0606;34,96192;0,08270087;19,534;0,00;0,985938;
249745;Ni;Ni1;28;E10;4;2;4;6;5,92;1,294995;9,09689;25,75331;0,08313365;12,08898;0,00;0,947459;
249745;Mo;Mo1;42;E6;5;6;4;4;4,02;1,280791;8,80082;27,84325;0,09452495;2,838;0,04;0,973403;
249745;Na;Na1;11;E1;3;1;2;6;6,37;1,523641;14,8162;34,59261;0,08266929;19,28;0,00;0,990146;
250008;K;K1;19;E1;4;1;4;8;9,01;1,671275;19,55385;40,03492;0,08042055;40,477;0,00;0,813469;
250009;K;K1;19;E1;4;1;4;8;8,62;1,674973;19,68393;40,48408;0,08070558;40,315;0,00;0,859899;
250095;Nd;Nd1;60;Ln;6;3;4;8;6,31;1,440046;12,50885;30,72859;0,08128344;26,10637;0,03;0,999997;
250342;Ca;Ca1;20;E2;4;2;2;8;8,88;1,449287;12,75122;30,06415;0,08061981;26,67195;0,00;0,900955;
250667;Ga;Ga1;31;E13;4;3;2;4;4,34;1,31208;9,4617;29,08654;0,09479648;3,14566;0,07;0,87269;
250667;Li;Li1;3;E1;2;1;2;4;4,58;1,375222;10,89449;30,87086;0,0921597;3,67145;0,03;0,858592;
251670;Sm;Sm1;62;Ln;6;3;2;8;7,09;1,41623;11,89844;29,49694;0,08087665;25,51639;0,01;0,998875;
251896;Mn;Mn1;25;E7;4;2;4;6;6,32;1,350191;10,31038;27,65438;0,08274169;13,88576;0,00;0,945175;
251897;Mn;Mn1;25;E7;4;2;4;6;6,31;1,350328;10,31352;27,66182;0,08273497;13,89216;0,00;0,945532;
252675;Ga;Ga1;31;E13;4;3;4;6;7,73;1,193363;7,11879;20,84278;0,08155333;10,27591;0,00;0,73927;
252675;Ga;Ga2;31;E13;4;3;4;6;6,72;1,220886;7,62278;22,05591;0,0820994;10,65259;0,00;0,803122;
252676;Ga;Ga1;31;E13;4;3;8;6;7,83;1,210442;7,42883;21,30986;0,08152234;10,46429;0,00;0,759327;
252677;Ga;Ga1;31;E13;4;3;8;6;7,69;1,210772;7,43491;21,46895;0,08176132;10,43496;0,00;0,780175;
252678;Ga;Ga1;31;E13;4;3;8;6;7,76;1,211575;7,44972;21,50712;0,0817379;10,4748;0,00;0,772928;
252679;Ga;Ga1;31;E13;4;3;4;6;7,99;1,187086;7,00705;20,39629;0,08121496;10,30543;0,00;0,688695;
252679;Ga;Ga2;31;E13;4;3;4;6;6,51;1,225007;7,70024;22,47095;0,08239963;10,58966;0,00;0,8625;
252680;Ga;Ga1;31;E13;4;3;8;6;7,85;1,207108;7,36761;21,1511;0,08136633;10,4476;0,00;0,750064;
255006;Li;Li1;3;E1;2;1;2;4;4,65;1,385389;11,13791;31,12459;0,09306731;3,63875;0,08;0,849576;
255462;Fe;Fe1;26;E8;4;3;4;6;5,57;1,236646;7,92182;23,87632;0,08360681;10,48311;0,03;1;
255462;Fe;Fe2;26;E8;4;3;4;6;5,1;1,237803;7,94408;23,90296;0,0838078;10,44;0,02;0,986599;
255462;Fe;Fe3;26;E8;4;3;4;6;5,19;1,238203;7,95177;23,90381;0,0838042;10,445;0,03;0,985338;
255743;Pb;Pb1;82;E14;6;2;2;9;8,21;1,54117;15,33347;33,46837;0,08023731;35,41866;0,13;0,890631;
255743;Pb;Pb2;82;E14;6;2;2;9;6,89;1,582394;16,5971;35,96307;0,08175245;36,41569;0,12;0,977278;
255775;Li;Li1;3;E1;2;1;2;6;5,55;1,346326;10,22209;28,39109;0,08414445;13,30822;0,06;1;
255776;Na;Na1;11;E1;3;1;2;6;5,87;1,472825;13,38266;34,09606;0,08465962;16,83042;0,07;1;
257360;Ca;Ca1;20;E2;4;2;4;7;6,26;1,50595;14,30607;33,37698;0,08534064;19,189;0,20;1;
257360;Ca;Ca2;20;E2;4;2;8;6;5,65;1,506542;14,32295;34,45665;0,08602891;16,022;0,08;0,99068;
257360;Ca;Ca3;20;E2;4;2;8;7;5,89;1,468117;13,25471;32,28892;0,08326355;20,611;0,03;0,990689;
258201;Rb;Rb1;37;E1;5;1;4;8;8,7;1,757144;22,72536;44,17313;0,08037105;46,488;0,00;0,844286;
258913;Sc;Sc1;21;E3;4;3;3;6;6;1,290556;9,00366;25,9751;0,08338113;11,98392;0,00;1;
260048;Co;Co1;27;E9;4;2;8;4;4,26;1,389419;11,23539;31,41837;0,09244099;3,738;0,13;0,952175;
260048;Co;Co2;27;E9;4;2;4;6;6,03;1,292776;9,0502;25,01532;0,08234333;12,346;0,01;0,86532;
260063;Cu;Cu1;29;E11;4;2;4;5;5,13;1,37056;10,78408;30,3053;0,09863753;6,726;0,21;0,961774;
260063;Cu;Cu2;29;E11;4;2;4;6;5,27;1,301723;9,23942;26,27762;0,08508226;12,143;0,03;0,920711;
260179;Mn;Mn1;25;E7;4;2;4;6;6,21;1,34902;10,28358;27,98323;0,08309793;13,76704;0,01;0,952372;
260467;Bi;Bi1;83;E15;6;3;2;8;6,97;1,461646;13,08022;30,91211;0,08151163;26,313;0,14;0,943872;
260467;Pd;Pd1;46;E10;5;2;2;5;5,23;1,400376;11,50331;29,68289;0,08869382;8,056;0,03;0,926931;
260606;K;K1;19;E1;4;1;4;12;11,92;1,553923;15,71727;33,48058;0,07846963;55,23846;0,00;1;
260606;Ni;Ni1;28;E10;4;2;8;6;6,16;1,264155;8,46231;24,05145;0,08286975;11,33416;0,04;0,862134;
260606;Ni;Ni2;28;E10;4;2;8;6;6,15;1,279681;8,77797;25,08134;0,08293456;11,74582;0,01;0,956624;
260606;Ni;Ni3;28;E10;4;2;4;6;8,03;1,252572;8,23183;23,1698;0,08223446;11,07164;0,00;0,747355;
261389;Cr;Cr1;24;E6;4;5;2;8;7,58;1,150726;6,3827;20,0743;0,08301869;11,13022;0,00;1;
261515;Fe;Fe1;26;E8;4;2;4;6;5,79;1,329965;9,85393;27,27929;0,08360371;12,87779;0,00;0,958214;
261515;K;K1;19;E1;4;1;2;8;7,07;1,635923;18,33905;38,81542;0,08171873;33,162;0,00;0,984146;
261515;Mo;Mo1;42;E6;5;6;4;4;4,15;1,303578;9,27897;29,23219;0,09599935;2,917;0,02;0,989861;
262458;K;K1;19;E1;4;1;2;8;7,82;1,635639;18,3295;38,3068;0,08103139;33,69136;0,00;0,97181;
262458;Ni;Ni1;28;E10;4;2;4;6;5,92;1,299574;9,19373;25,89502;0,08373355;11,93518;0,00;0,919854;
262459;Na;Na1;11;E1;3;1;2;8;6,91;1,519414;14,69323;34,04144;0,08219801;26,66044;0,00;0,992134;
262459;Ni;Ni1;28;E10;4;2;4;6;6,27;1,276614;8,715;24,94984;0,08327389;11,49061;0,00;0,924906;
263496;Ca;Ca1;20;E2;4;2;4;9;7,35;1,458674;13,00059;30,72548;0,08145841;31,93486;0,06;0,928051;
263497;Ca;Ca1;20;E2;4;2;4;9;7,35;1,458492;12,99574;30,71253;0,08145983;31,93144;0,06;0,925804;
263498;Ca;Ca1;20;E2;4;2;4;9;7,38;1,458053;12,98399;30,69229;0,0814403;31,90576;0,06;0,927779;
263499;Ca;Ca1;20;E2;4;2;4;9;7,34;1,458749;13,00259;30,73297;0,08145201;31,92595;0,06;0,930093;
263500;Ca;Ca1;20;E2;4;2;4;9;7,34;1,458686;13,00091;30,73179;0,08145707;31,92149;0,06;0,929911;
263501;Ca;Ca1;20;E2;4;2;4;9;7,35;1,458499;12,99592;30,71933;0,08145492;31,91801;0,06;0,928753;
263502;Ca;Ca1;20;E2;4;2;4;9;7,36;1,458585;12,99821;30,72485;0,08144114;31,91023;0,06;0,930438;
263503;Ca;Ca1;20;E2;4;2;4;9;7,43;1,45753;12,97005;30,63905;0,08139622;31,90376;0,06;0,921846;
263506;Ca;Ca1;20;E2;4;2;2;9;6,8;1,424741;12,11425;29,62251;0,08245797;27,38942;0,09;0,933046;
263506;Ca;Ca2;20;E2;4;2;2;8;7,51;1,505037;14,28005;32,73019;0,08396721;26,97511;0,16;0,854947;
263507;Ca;Ca1;20;E2;4;2;2;9;7,26;1,451827;12,81837;30,45714;0,08146916;31,48488;0,06;0,920922;
263507;Ca;Ca2;20;E2;4;2;2;9;7,48;1,461137;13,06657;30,88541;0,08146328;32,15059;0,06;0,946137;
263508;Ca;Ca1;20;E2;4;2;2;9;7,1;1,452769;12,84335;30,59919;0,08147174;31,39038;0,06;0,952389;
263508;Ca;Ca2;20;E2;4;2;2;9;7,72;1,459041;13,01042;30,77413;0,08147073;32,08709;0,06;0,935421;
263509;Ca;Ca1;20;E2;4;2;2;9;7,18;1,44909;12,74602;30,33703;0,08137146;31,35342;0,06;0,926599;
263509;Ca;Ca2;20;E2;4;2;2;9;7,51;1,457537;12,97021;30,6524;0,08161794;32,05069;0,07;0,917392;
263510;Ca;Ca1;20;E2;4;2;2;9;7,19;1,451901;12,82033;30,48243;0,08141999;31,41853;0,06;0,940229;
263510;Ca;Ca2;20;E2;4;2;2;9;7,43;1,458941;13,00775;30,73982;0,08165684;32,06314;0,08;0,934447;
280295;V;V1;23;E5;4;5;2;6;4,42;1,200819;7,25307;22,83656;0,08592667;9,61252;0,09;0,994037;
280930;K;K1;19;E1;4;1;4;9;8,76;1,684432;20,01932;39,9804;0,08103834;48,68746;0,05;0,838568;
280930;Zn;Zn1;30;E12;4;2;4;6;5,87;1,299992;9,2026;25,85786;0,08294533;12,38672;0,01;0,924261;
280931;K;K1;19;E1;4;1;4;9;8,51;1,698756;20,53438;40,9194;0,08115027;49,65268;0,04;0,855419;
280931;Mn;Mn1;25;E7;4;2;4;6;5,86;1,349925;10,30428;27,94315;0,08307443;13,83736;0,01;0,922667;
281326;Co;Co1;27;E9;4;2;4;6;5,84;1,307812;9,36967;26,39279;0,08336883;12,44565;0,02;0,965505;
281326;K;K1;19;E1;4;1;4;9;8,58;1,681289;19,90746;39,80033;0,08102853;48,70227;0,05;0,815978;
290679;Mg;Mg1;12;E2;3;2;1;6;6,24;1,310556;9,42877;26,45842;0,08392388;12,05242;0,00;0,961863;
290681;Mg;Mg1;12;E2;3;2;1;6;6,24;1,311441;9,44789;26,49364;0,0839132;12,08248;0,00;0,961799;
290683;Mg;Mg1;12;E2;3;2;1;6;6,55;1,305443;9,31885;25,83899;0,08309679;12,11461;0,00;0,916654;
290685;Mg;Mg1;12;E2;3;2;1;6;6,55;1,305881;9,32824;25,84895;0,08308164;12,13221;0,00;0,915533;
290687;Mg;Mg1;12;E2;3;2;1;6;6,56;1,306215;9,33538;25,85233;0,08306168;12,14899;0,00;0,914173;
290689;Mg;Mg1;12;E2;3;2;1;6;6,57;1,306557;9,34273;25,85866;0,08304737;12,16345;0,00;0,91299;
290691;Mg;Mg1;12;E2;3;2;1;6;6,58;1,306929;9,3507;25,86786;0,08303621;12,17779;0,00;0,912053;
290693;Mg;Mg1;12;E2;3;2;1;6;6,58;1,306701;9,34581;25,86265;0,08305746;12,15622;0,00;0,912193;
290695;Mg;Mg1;12;E2;3;2;1;6;6,58;1,307152;9,3555;25,88533;0,08306388;12,16705;0,00;0,912482;
290697;Mg;Mg1;12;E2;3;2;1;6;6,58;1,307792;9,36925;25,90564;0,08304437;12,19657;0,00;0,911736;
291076;Mn;Mn1;25;E7;4;2;4;6;7,95;1,291287;9,01897;23,66775;0,08073122;14,11785;0,00;0,583049;
291076;Sn;Sn1;50;E14;5;4;4;6;6,6;1,262262;8,42435;23,66006;0,08218283;11,54736;0,00;0,863472;
391239;Fe;Fe1;26;E8;4;3;2;6;5,83;1,246327;8,10933;24,23018;0,08371692;10,67202;0,00;0,998352;
391239;Li;Li1;3;E1;2;1;4;5;4,65;1,358068;10,49188;28,97802;0,08880935;6,93744;0,09;0,979483;
400850;Ti;Ti1;22;E4;4;4;4;6;4,7;1,223486;7,67159;23,49684;0,08418245;10,12207;0,04;1;
400850;Ti;Ti2;22;E4;4;4;4;6;4,96;1,21885;7,58472;23,23224;0,08382344;10,08018;0,04;1;
400850;K;K1;19;E1;4;1;4;9;7,28;1,741252;22,11432;43,16416;0,08488861;40,949;0,20;0,94728;
400850;K;K2;19;E1;4;1;4;9;7,71;1,749497;22,42994;43,49966;0,08422595;39,964;0,17;0,946355;
403150;Fe;Fe1;26;E8;4;3;2;6;5,84;1,247781;8,13773;24,28671;0,08369874;10,71591;0,00;0,998489;
403150;Li;Li1;3;E1;2;1;4;5;4,65;1,360229;10,54204;29,12038;0,08888206;6,96619;0,09;0,980889;
408961;Ce;Ce1;58;Ln;6;3;2;9;8,8;1,436266;12,41061;29,64625;0,07963979;32,37502;0,00;1;
408962;La;La1;57;Ln;6;3;2;9;8,81;1,446863;12,68734;30,08594;0,07964784;33,09517;0,00;1;
408963;Nd;Nd1;60;Ln;6;3;2;9;8,77;1,415331;11,8758;28,78717;0,07962453;30,97592;0,00;1;
408964;Pr;Pr1;59;Ln;6;3;2;9;8,72;1,424913;12,11864;29,17799;0,07960809;31,60243;0,00;1;
409477;Zn;Zn1;30;E12;4;2;8;4;4,14;1,406877;11,66425;33,35456;0,09594158;3,67203;0,10;0,963182;
409618;In;In1;49;E13;5;3;2;6;6,05;1,33275;9,91595;27,52323;0,0839689;12,79569;0,00;0,99642;
409618;Li;Li1;3;E1;2;1;4;5;4,55;1,371097;10,79675;29,82909;0,08913098;7,11926;0,09;0,962631;
410856;La;La1;57;Ln;6;3;2;9;8,33;1,445674;12,6561;30,05629;0,07957412;32,90542;0,00;1;
411256;Li;Li1;3;E1;2;1;4;6;7,16;1,330687;9,86999;25,9227;0,08180447;13,7212;0,00;0,820769;
411408;Mo;Mo1;42;E6;5;6;4;6;4,56;1,218108;7,57087;23,51723;0,08605085;9,629;0,04;1;
411408;Sb;Sb1;51;E15;5;3;8;3;4,87;1,568302;16,15763;36,24639;0,0955191;0;0,49;0,979936;
412788;Mo;Mo1;42;E6;5;6;4;6;4,59;1,212883;7,47386;23,24073;0,0855119;9,54854;0,05;0,992705;
412788;Mo;Mo2;42;E6;5;6;4;6;4,59;1,20976;7,41628;23,2636;0,08566152;9,47602;0,04;0,999063;
412788;Mo;Mo3;42;E6;5;6;4;6;4,45;1,227948;7,75584;24,28205;0,08733587;9,67915;0,04;0,999765;
412788;Mo;Mo4;42;E6;5;6;2;6;4,69;1,215562;7,52349;23,61593;0,08656199;9,50124;0,02;0,998625;
412788;Na;Na1;11;E1;3;1;2;6;6,26;1,488483;13,81403;33,57083;0,08360316;17,97532;0,03;0,900202;
412788;Na;Na2;11;E1;3;1;4;6;6,25;1,469985;13,30538;32,10344;0,08229844;18,15339;0,04;0,813035;
412788;Na;Na3;11;E1;3;1;4;6;5,6;1,450977;12,79588;32,12292;0,08369289;16,84509;0,05;0,889217;
412788;Na;Na4;11;E1;3;1;4;6;6,07;1,490027;13,85705;33,37947;0,08418647;17,70596;0,11;0,885571;
413817;Fe;Fe1;26;E8;4;3;3;6;6;1,227146;7,74065;23,49511;0,0834487;10,27704;0,00;1;
413918;K;K1;19;E1;4;1;4;9;8,77;1,684823;20,03324;39,98584;0,08117883;49,06094;0,06;0,794706;
413918;Mg;Mg1;12;E2;3;2;4;6;5,97;1,289454;8,98061;25,47236;0,08311184;12,02412;0,02;0,937955;
415925;Zn;Zn1;30;E12;4;2;12;4;4,3;1,402178;11,54776;32,7233;0,09368235;3,8292;0,07;0,921266;
417374;Co;Co1;27;E9;4;2;4;6;5,68;1,317796;9,58591;27,31738;0,08500096;12,07033;0,00;0,999572;
417374;Co;Co2;27;E9;4;2;4;6;5,81;1,305989;9,33055;26,77211;0,08466148;11,89928;0,00;1;
417374;Li;Li1;3;E1;2;1;4;4;4,6;1,438736;12,47476;33,6365;0,09294609;3,71629;0,03;0,965783;
417375;Li;Li1;3;E1;2;1;4;4;4,6;1,435487;12,39044;33,25304;0,09279332;3,66746;0,03;0,968942;
417375;Ni;Ni1;28;E10;4;2;4;6;5,71;1,295984;9,11775;26,42284;0,08487551;11,50841;0,00;0,999865;
417375;Ni;Ni2;28;E10;4;2;4;6;5,87;1,287754;8,94515;26,05401;0,08476014;11,36895;0,00;1;
417641;La;La1;57;Ln;6;3;2;10;7,35;1,492735;13,93274;31,92804;0,08033928;38,769;0,04;1;
417641;La;La2;57;Ln;6;3;2;9;6,57;1,497259;14,05981;32,99302;0,08207173;32,853;0,04;1;
417641;La;La3;57;Ln;6;3;2;9;6,46;1,495435;14,0085;32,96165;0,08224767;32,587;0,04;1;
417641;La;La4;57;Ln;6;3;2;10;7,34;1,49261;13,92925;31,92387;0,08040839;38,689;0,04;1;
417734;Co;Co1;27;E9;4;2;8;4;4,42;1,385221;11,13387;31,0864;0,09223607;3,739;0,13;0,939065;
417734;Co;Co2;27;E9;4;2;4;6;6,04;1,297049;9,14024;25,50015;0,08268876;12,34;0,03;0,923412;
418199;Th;Th1;90;An;7;4;2;10;9,7;1,405393;11,62739;27,94082;0,07896121;34,50121;0,00;1;
419331;Cd;Cd1;48;E12;5;2;8;6;6,31;1,415991;11,89243;29,50206;0,08265133;15,91197;0,01;0,87271;
419331;Ge;Ge1;32;E14;4;4;8;6;6,44;1,14435;6,27719;19,36551;0,08185862;8,87515;0,00;0,794101;
421242;K;K1;19;E1;4;1;2;8;7,38;1,648885;18,77846;39,51398;0,08082719;39,15424;0,03;0,959888;
421242;K;K2;19;E1;4;1;2;8;6,77;1,681741;19,92353;40,72839;0,08144858;37,52138;0,09;0,94417;
421242;Zn;Zn1;30;E12;4;2;2;6;6,33;1,306219;9,33548;25,72493;0,08278669;12,60896;0,02;0,877746;
421243;Co;Co1;27;E9;4;2;2;6;6,34;1,301746;9,23989;25,56116;0,08269019;12,50191;0,02;0,883216;
421243;K;K1;19;E1;4;1;2;8;7,31;1,64757;18,73355;39,44202;0,08080635;39,07229;0,04;0,959043;
421243;K;K2;19;E1;4;1;2;8;6,76;1,679153;19,83169;40,63638;0,08147622;37,05922;0,09;0,948547;
421244;K;K1;19;E1;4;1;2;8;7,4;1,66059;19,1812;40,07371;0,08081359;39,98062;0,03;0,959574;
421244;K;K2;19;E1;4;1;2;8;6,84;1,694854;20,39319;41,35865;0,0814396;38,31538;0,09;0,949664;
421244;Mn;Mn1;25;E7;4;2;2;6;6,33;1,340309;10,08564;27,11319;0,08276185;13,57412;0,00;0,878818;
421245;K;K1;19;E1;4;1;2;8;7,36;1,654778;18,9805;39,80268;0,08079587;39,55648;0,03;0,960236;
421245;K;K2;19;E1;4;1;2;8;6,73;1,680562;19,88165;40,67102;0,08156334;37,1357;0,10;0,944952;
421245;Mg;Mg1;12;E2;3;2;2;6;6,35;1,304421;9,29699;25,65053;0,08273601;12,57324;0,01;0,878887;
421595;Gd;Gd1;64;Ln;6;3;4;10;6,91;1,419754;11,98748;28,75608;0,07971041;33,3271;0,02;0,986904;
422474;Fe;Fe1;26;E8;4;3;2;6;5,84;1,267253;8,5247;24,85038;0,08334862;11,37547;0,00;0,981441;
422474;Mo;Mo1;42;E6;5;6;4;4;4,07;1,298949;9,18046;29,68958;0,09949632;2,78504;0,04;0,990749;
422479;Na;Na1;11;E1;3;1;4;6;6,14;1,494878;13,99285;33,75478;0,08428592;17,851;0,08;0,855628;
422479;Na;Na2;11;E1;3;1;4;6;6,35;1,501416;14,17725;33,49635;0,08386047;17,969;0,10;0,83698;
422887;In;In1;49;E13;5;3;4;6;5,93;1,347781;10,25526;28,40243;0,08450596;13,10882;0,00;0,992123;
422939;Fe;Fe1;26;E8;4;2;4;6;6,16;1,317904;9,58825;26,58212;0,08306747;12,72399;0,00;0,925889;
422939;Mo;Mo1;42;E6;5;6;4;4;4,09;1,285961;8,90784;28,31868;0,09559357;2,83163;0,01;0,982829;
422939;Na;Na1;11;E1;3;1;2;6;6,4;1,537934;15,23709;35,33132;0,08274021;19,54526;0,00;0,995336;
424112;Na;Na1;11;E1;3;1;2;6;7,23;1,468875;13,27525;31,20544;0,08151154;17,53292;0,00;0,829827;
427361;Na;Na1;11;E1;3;1;8;6;6,69;1,48807;13,80252;32,54065;0,08242234;17,18102;0,05;0,89047;
427361;Na;Na2;11;E1;3;1;4;6;7,18;1,491619;13,90152;33,48989;0,08317456;18,55887;0,01;0,819893;
427361;Na;Na3;11;E1;3;1;8;6;5,94;1,503509;14,23662;33,90815;0,08406435;17,52623;0,04;0,942038;
428570;K;K1;19;E1;4;1;4;10;8,83;1,639186;18,44901;38,11073;0,07989149;53,51699;0,00;0,968892;
428573;Rb;Rb1;37;E1;5;1;4;10;8,76;1,7298;21,68085;42,61036;0,08304644;51,99611;0,04;0,95478;
429162;Co;Co1;27;E9;4;2;1;6;5,78;1,314947;9,52386;26,94903;0,08537573;11,68636;0,00;0,980266;
429162;Ge;Ge1;32;E14;4;4;1;6;6,11;1,168703;6,68654;21,11774;0,08330186;8,8609;0,00;0,972465;
429162;K;K1;19;E1;4;1;1;10;8,9;1,756129;22,686;43,61227;0,08088435;58,97953;0,00;0,900399;
430319;Rb;Rb1;37;E1;5;1;8;11;8,11;1,733467;21,81904;42,57727;0,08051134;62,71645;0,08;0,971786;
430319;Rb;Rb2;37;E1;5;1;4;13;8,41;1,740519;22,08641;42,42689;0,07952925;78,85242;0,06;0,962419;
430383;K;K1;19;E1;4;1;8;9;5,97;1,672832;19,60855;40,95939;0,084001;42,0398;0,10;0,97035;
430383;K;K2;19;E1;4;1;8;9;6,57;1,719988;21,314;43,13867;0,0825221;45,59157;0,06;0,989983;
430533;Li;Li1;3;E1;2;1;1;4;5,52;1,361658;10,57529;29,2879;0,09026205;3,71781;0,02;0,720853;
431427;Li;Li1;3;E1;2;1;2;6;5,98;1,308792;9,39075;26,72193;0,0834277;12,47808;0,00;1;
432239;Cs;Cs1;55;E1;6;1;2;10;7,12;1,838705;26,03903;48,60809;0,08004034;69,273;0,02;1;
432239;Cs;Cs2;55;E1;6;1;2;16;12,46;1,918956;29,59945;50,43599;0,07900781;120,678;0,00;1;
432239;U;U1;92;An;7;6;4;7;4,47;1,296524;9,12915;25,7097;0,08410113;15,66877;0,02;1;
432240;Cs;Cs1;55;E1;6;1;2;10;7,11;1,835802;25,91591;48,4442;0,08000504;69,001;0,01;1;
432240;Cs;Cs2;55;E1;6;1;2;16;12,36;1,91989;29,64267;50,46272;0,07896344;121,405;0,00;1;
432240;U;U1;92;An;7;6;4;7;4,47;1,298483;9,1706;25,78057;0,0840458;15,75982;0,02;1;
432241;Cs;Cs1;55;E1;6;1;2;10;7,1;1,836195;25,93255;48,46172;0,07998471;69,136;0,02;1;
432241;Cs;Cs2;55;E1;6;1;2;16;12,31;1,923547;29,81242;50,65191;0,07897265;122,641;0,00;1;
432241;U;U1;92;An;7;6;4;7;4,5;1,299308;9,18808;25,81293;0,08407363;15,79261;0,02;1;
432242;Cs;Cs1;55;E1;6;1;2;10;7,1;1,836066;25,92709;48,43492;0,07995607;69,206;0,02;1;
432242;Cs;Cs2;55;E1;6;1;2;16;12,16;1,919968;29,64629;50,47123;0,07899877;122,324;0,00;1;
432242;U;U1;92;An;7;6;4;7;4,5;1,296937;9,13788;25,71496;0,08403758;15,7229;0,02;1;
432244;Cs;Cs1;55;E1;6;1;2;10;7,12;1,843249;26,23256;48,77081;0,07993878;69,98;0,02;1;
432244;Cs;Cs2;55;E1;6;1;2;16;12,25;1,925099;29,8846;50,73195;0,07902556;124,267;0,00;1;
432244;U;U1;92;An;7;6;4;7;4,49;1,297967;9,15966;25,75599;0,08403387;15,75751;0,02;1;
434359;Cs;Cs1;55;E1;6;1;2;10;7,24;1,834584;25,86436;48,35526;0,07998397;68,988;0,00;1;
434359;Cs;Cs2;55;E1;6;1;2;16;12,34;1,910992;29,23243;50,02897;0,07902265;119,298;0,00;1;
434359;Np;Np1;93;An;7;6;4;7;4,45;1,297299;9,14553;25,75494;0,0842114;15,66477;0,02;1;
434360;Cs;Cs1;55;E1;6;1;2;10;7,21;1,838035;26,01059;48,54554;0,08001524;69,338;0,00;1;
434360;Cs;Cs2;55;E1;6;1;2;16;12,37;1,91612;29,46841;50,30219;0,07902375;120,065;0,00;1;
434360;Np;Np1;93;An;7;6;4;7;4,44;1,299159;9,18492;25,82942;0,08421942;15,73808;0,02;1;
434361;Cs;Cs1;55;E1;6;1;2;10;7,22;1,839818;26,08634;48,64275;0,08001389;69,46;0,00;1;
434361;Cs;Cs2;55;E1;6;1;2;16;12,48;1,91775;29,5437;50,38129;0,07901024;120,261;0,00;1;
434361;Np;Np1;93;An;7;6;4;7;4,43;1,297328;9,14614;25,75926;0,08423301;15,67014;0,02;1;
434362;Cs;Cs1;55;E1;6;1;2;10;7,24;1,842813;26,21395;48,80769;0,08003317;69,752;0,00;1;
434362;Cs;Cs2;55;E1;6;1;2;16;12,59;1,921664;29,72492;50,59057;0,07901018;120,712;0,00;1;
434362;Np;Np1;93;An;7;6;4;7;4,45;1,297855;9,15729;25,78019;0,08425218;15,69114;0,02;1;
434363;Cs;Cs1;55;E1;6;1;2;10;7,25;1,84441;26,28218;48,89086;0,08004102;69,941;0,00;1;
434363;Cs;Cs2;55;E1;6;1;2;16;12,58;1,921493;29,71699;50,58868;0,07902839;120,637;0,00;1;
434363;Np;Np1;93;An;7;6;4;7;4,45;1,297562;9,15108;25,7667;0,08422154;15,67274;0,02;1;
434364;Cs;Cs1;55;E1;6;1;2;10;7,2;1,828465;25,60638;48,02912;0,07996477;68,335;0,00;1;
434364;Cs;Cs2;55;E1;6;1;2;16;12,13;1,907994;29,09508;49,86623;0,07902048;119,496;0,00;1;
434364;Np;Np1;93;An;7;6;4;7;4,46;1,296553;9,12977;25,72381;0,08422635;15,65545;0,02;1;
434365;Cs;Cs1;55;E1;6;1;2;10;7,18;1,830672;25,69922;48,14982;0,0799656;68,563;0,00;1;
434365;Cs;Cs2;55;E1;6;1;2;16;12,17;1,91123;29,24337;50,03216;0,07901146;120,059;0,00;1;
434365;Np;Np1;93;An;7;6;4;7;4,45;1,29559;9,10944;25,68721;0,08423424;15,61487;0,02;1;
434366;Cs;Cs1;55;E1;6;1;2;10;7,21;1,835091;25,88579;48,37821;0,07997551;69,039;0,00;1;
434366;Cs;Cs2;55;E1;6;1;2;16;12,22;1,914792;29,40719;50,22538;0,07901569;120,467;0,00;1;
434366;Np;Np1;93;An;7;6;4;7;4,45;1,295003;9,09706;25,66935;0,08428937;15,59647;0,02;1;
434367;Cs;Cs1;55;E1;6;1;2;10;7,17;1,836676;25,95293;48,46616;0,0799667;69,228;0,00;1;
434367;Cs;Cs2;55;E1;6;1;2;16;12,25;1,916625;29,49172;50,32254;0,07901973;120,774;0,00;1;
434367;Np;Np1;93;An;7;6;4;7;4,43;1,295678;9,11129;25,69876;0,08430883;15,62516;0,02;1;
434368;Cs;Cs1;55;E1;6;1;2;10;7,18;1,839934;26,09127;48,64351;0,07998882;69,541;0,00;1;
434368;Cs;Cs2;55;E1;6;1;2;16;12,3;1,920008;29,64817;50,4992;0,07901805;121,233;0,00;1;
434368;Np;Np1;93;An;7;6;4;7;4,44;1,296926;9,13765;25,74643;0,08429305;15,67167;0,02;1;
434369;Cs;Cs1;55;E1;6;1;2;10;7,22;1,84067;26,1226;48,67952;0,07998416;69,594;0,00;1;
434369;Cs;Cs2;55;E1;6;1;2;16;12,32;1,920449;29,66861;50,52205;0,07901672;121,355;0,00;1;
434369;Np;Np1;93;An;7;6;4;7;4,43;1,296039;9,1189;25,71718;0,08434124;15,63341;0,02;1;
434370;Cs;Cs1;55;E1;6;1;2;10;7,19;1,841724;26,16752;48,73966;0,07998783;69,72;0,00;1;
434370;Cs;Cs2;55;E1;6;1;2;16;12,32;1,921899;29,73585;50,59936;0,07901514;121,503;0,00;1;
434370;Np;Np1;93;An;7;6;4;7;4,43;1,297548;9,15079;25,7728;0,08430528;15,6996;0,02;1;
434371;Cs;Cs1;55;E1;6;1;2;10;7,17;1,825019;25,46189;47,8131;0,07989692;68,159;0,01;1;
434371;Cs;Cs2;55;E1;6;1;2;16;11,89;1,902755;28,85609;49,59523;0,07906048;119,551;0,00;1;
434371;Np;Np1;93;An;7;6;4;7;4,48;1,293955;9,07498;25,60131;0,08405378;15,60397;0,02;1;
434372;Cs;Cs1;55;E1;6;1;2;10;7,17;1,827519;25,56668;47,93995;0,07987259;68,446;0,00;1;
434372;Cs;Cs2;55;E1;6;1;2;16;11,84;1,905414;28,97724;49,73157;0,07904363;120,107;0,00;1;
434372;Np;Np1;93;An;7;6;4;7;4,44;1,292315;9,04053;25,55254;0,08419054;15,54172;0,02;1;
434373;Cs;Cs1;55;E1;6;1;2;10;7,17;1,831733;25,74397;48,15842;0,07987093;68,95;0,00;1;
434373;Cs;Cs2;55;E1;6;1;2;16;11,84;1,907928;29,09209;49,87685;0,07906707;120,445;0,00;1;
434373;Np;Np1;93;An;7;6;4;7;4,42;1,292096;9,03593;25,55356;0,08427658;15,52632;0,02;1;
434374;Cs;Cs1;55;E1;6;1;2;10;7,18;1,833088;25,8011;48,23257;0,07987349;69,067;0,00;1;
434374;Cs;Cs2;55;E1;6;1;2;16;11,87;1,910612;29,21503;50,00611;0,07904084;120,86;0,00;1;
434374;Np;Np1;93;An;7;6;4;7;4,42;1,29281;9,05092;25,57693;0,08422864;15,55981;0,02;1;
759994;Mo;Mo1;42;E6;5;6;4;6;4,4;1,21309;7,4777;23,40146;0,08571452;9,72676;0,05;0,999822;
759994;Mo;Mo10;42;E6;5;6;4;6;4,39;1,210699;7,43357;23,33178;0,08604806;9,68873;0,05;0,999027;
759994;Mo;Mo11;42;E6;5;6;4;6;4,37;1,216489;7,54074;23,59313;0,0859426;9,77906;0,05;0,999997;
759994;Mo;Mo12;42;E6;5;6;4;6;4,41;1,213898;7,49265;23,42697;0,08592859;9,73056;0,05;0,998006;
759994;Mo;Mo13;42;E6;5;6;4;6;4,4;1,211974;7,45708;23,43881;0,08611176;9,67153;0,05;0,999963;
759994;Mo;Mo14;42;E6;5;5;4;6;4,42;1,214604;7,50573;23,51291;0,08606331;9,72871;0,04;0,999429;
759994;Mo;Mo15;42;E6;5;5;4;6;4,39;1,211481;7,44798;23,4104;0,08613892;9,67792;0,05;0,999948;
759994;Mo;Mo16;42;E6;5;5;4;6;4,38;1,212181;7,4609;23,43929;0,08611135;9,68146;0,05;0,999673;
759994;Mo;Mo17;42;E6;5;5;4;6;4,44;1,209893;7,41872;23,28534;0,08574925;9,65107;0,04;0,999757;
759994;Mo;Mo18;42;E6;5;5;4;6;4,44;1,213765;7,49018;23,44309;0,08588735;9,72287;0,04;0,99908;
759994;Mo;Mo2;42;E6;5;6;4;6;4,4;1,215032;7,51366;23,49381;0,08588572;9,78161;0,05;0,999729;
759994;Mo;Mo3;42;E6;5;6;4;6;4,39;1,215827;7,52841;23,54107;0,08594126;9,7861;0,05;0,999506;
759994;Mo;Mo4;42;E6;5;6;4;6;4,42;1,213383;7,48312;23,43314;0,08578996;9,69922;0,05;0,999859;
759994;Mo;Mo5;42;E6;5;6;4;6;4,39;1,215204;7,51685;23,48428;0,08576667;9,73636;0,04;0,998856;
759994;Mo;Mo6;42;E6;5;6;4;6;4,43;1,212891;7,47402;23,3648;0,08578506;9,66702;0,04;0,997643;
759994;Mo;Mo7;42;E6;5;6;4;6;4,44;1,210515;7,43018;23,24878;0,08593197;9,69878;0,06;0,996959;
759994;Mo;Mo8;42;E6;5;6;4;6;4,39;1,213749;7,48989;23,41014;0,08568807;9,75515;0,05;0,999307;
759994;Mo;Mo9;42;E6;5;6;4;6;4,39;1,214688;7,50728;23,52884;0,08608886;9,76475;0,05;0,999986;
;;;;;;;;;;;;;;;;;
;;;;;;;;;;;;;;;;;
;;;;;;;;;;;;;;;;;
;;;;;;;;;;;;;;;;;
;;;;;;;;;;;;;;;;;
;;;;;;;;;;;;;;;;;
;;;;;;;;;;;;;;;;;
;;;;;;;;;;;;;;;;;
;;;;;;;;;;;;;;;;;
;;;;;;;;;;;;;;;;;
;;;;;;;;;;;;;;;;;
;;;;;;;;;;;;;;;;;
;;;;;;;;;;;;;;;;;
;;;;;;;;;;;;;;;;;
;;;;;;;;;;;;;;;;;
;;;;;;;;;;;;;;;;;
;;;;;;;;;;;;;;;;;
;;;;;;;;;;;;;;;;;
;;;;;;;;;;;;;;;;;
;;;;;;;;;;;;;;;;;
;;;;;;;;;;;;;;;;;
;;;;;;;;;;;;;;;;;
;;;;;;;;;;;;;;;;;
;;;;;;;;;;;;;;;;;
;;;;;;;;;;;;;;;;;
;;;;;;;;;;;;;;;;;
;;;;;;;;;;;;;;;;;
;;;;;;;;;;;;;;;;;
;;;;;;;;;;;;;;;;;
;;;;;;;;;;;;;;;;;
;;;;;;;;;;;;;;;;;
;;;;;;;;;;;;;;;;;
;;;;;;;;;;;;;;;;;
;;;;;;;;;;;;;;;;;
;;;;;;;;;;;;;;;;;
;;;;;;;;;;;;;;;;;
;;;;;;;;;;;;;;;;;
;;;;;;;;;;;;;;;;;
;;;;;;;;;;;;;;;;;
;;;;;;;;;;;;;;;;;
;;;;;;;;;;;;;;;;;
;;;;;;;;;;;;;;;;;
;;;;;;;;;;;;;;;;;
;;;;;;;;;;;;;;;;;
;;;;;;;;;;;;;;;;;
;;;;;;;;;;;;;;;;;
;;;;;;;;;;;;;;;;;
;;;;;;;;;;;;;;;;;
;;;;;;;;;;;;;;;;;
;;;;;;;;;;;;;;;;;
;;;;;;;;;;;;;;;;;
;;;;;;;;;;;;;;;;;
;;;;;;;;;;;;;;;;;
;;;;;;;;;;;;;;;;;
;;;;;;;;;;;;;;;;;
;;;;;;;;;;;;;;;;;
